arrondissement_id,arrondissement_nom,latitude,longitude,phosphore,zinc,magnesium,potassium,calucium,cec,azote,silt,sand,clay,ph,texture
1,FOUNOUGO,11.4763029,2.5323912,630.00000,331.00000,271.00000,106.00000,255.00000,0.00000,0.00000,0.00000,0.00000,0.00000,0.00000,Non classé
2,GOMPAROU,11.3285762,2.4715422,448.00000,215.00000,193.00000,117.00000,255.00000,105.00000,112.00000,267.00000,547.00000,186.00000,64.00000,limon sableux
3,GOUMORI,11.1784354,2.2999821,455.00000,162.00000,185.00000,87.00000,255.00000,75.00000,191.00000,239.00000,502.00000,259.00000,66.00000,limon argilo-sableux
4,KOKEY,11.301,2.5296,362.00000,166.00000,197.00000,106.00000,255.00000,97.00000,104.00000,263.00000,551.00000,186.00000,64.00000,limon sableux
5,KOKIBOROU,11.2023317,2.3209297,357.00000,154.00000,182.00000,99.00000,255.00000,104.00000,154.00000,297.00000,454.00000,250.00000,67.00000,limon
6,OUNET,11.2271492,2.4048166,361.00000,163.00000,201.00000,135.00000,255.00000,86.00000,178.00000,228.00000,526.00000,245.00000,65.00000,limon argilo-sableux
7,SOMPEROUKOU,11.239,2.4911,438.00000,194.00000,208.00000,133.00000,255.00000,98.00000,129.00000,283.00000,555.00000,162.00000,64.00000,limon sableux
8,SOROKO,11.3370916,2.3832133,452.00000,198.00000,197.00000,137.00000,255.00000,107.00000,127.00000,274.00000,519.00000,207.00000,64.00000,limon argilo-sableux
9,TOURA,11.2400973,2.3788939,433.00000,251.00000,195.00000,123.00000,255.00000,0.00000,0.00000,0.00000,0.00000,0.00000,0.00000,Non classé
10,BANIKOARA,11.2934532,2.435696,433.00000,202.00000,214.00000,128.00000,255.00000,113.00000,146.00000,265.00000,515.00000,219.00000,67.00000,limon argilo-sableux
11,BAGOU,10.8120376,2.7244889,673.00000,291.00000,218.00000,129.00000,255.00000,98.00000,145.00000,266.00000,556.00000,178.00000,67.00000,limon sableux
12,GOUNAROU,10.8701437,2.8464905,400.00000,212.00000,203.00000,114.00000,255.00000,77.00000,168.00000,271.00000,512.00000,217.00000,64.00000,limon argilo-sableux
13,SORI,10.7185503,2.7842053,426.00000,186.00000,200.00000,100.00000,255.00000,72.00000,164.00000,254.00000,550.00000,196.00000,64.00000,limon sableux
14,SOUGOU-KPAN-TROSSI,10.73,2.9711,508.00000,247.00000,214.00000,154.00000,255.00000,90.00000,157.00000,251.00000,572.00000,177.00000,64.00000,limon sableux
15,WARA,10.67409,2.67372,406.00000,203.00000,188.00000,124.00000,255.00000,91.00000,153.00000,275.00000,546.00000,179.00000,65.00000,limon sableux
16,GOGOUNOU,10.7889897,2.6189273,441.00000,225.00000,195.00000,147.00000,255.00000,97.00000,143.00000,267.00000,560.00000,173.00000,64.00000,limon sableux
17,ANGARADEBOU,11.3232934,3.0413461,430.00000,201.00000,245.00000,95.00000,255.00000,106.00000,124.00000,247.00000,499.00000,254.00000,64.00000,limon argilo-sableux
18,BENSEKOU,10.9856632,3.1516147,327.00000,228.00000,197.00000,141.00000,255.00000,102.00000,111.00000,298.00000,453.00000,249.00000,63.00000,limon
19,DONWARI,11.1185484,2.8539702,530.00000,273.00000,249.00000,114.00000,255.00000,102.00000,120.00000,271.00000,465.00000,265.00000,64.00000,limon argilo-sableux
20,KASSAKOU,11.0813285,2.9038652,484.00000,239.00000,221.00000,132.00000,255.00000,92.00000,141.00000,280.00000,468.00000,252.00000,63.00000,limon
21,SAAH,11.1742306,3.0673443,438.00000,192.00000,202.00000,127.00000,255.00000,96.00000,126.00000,280.00000,460.00000,260.00000,63.00000,limon
22,SAM,10.9506,2.7328,409.00000,180.00000,212.00000,134.00000,255.00000,79.00000,189.00000,282.00000,521.00000,196.00000,64.00000,limon sableux
23,SONSORO,11.0854809,2.7618028,433.00000,169.00000,254.00000,131.00000,255.00000,119.00000,118.00000,269.00000,482.00000,249.00000,65.00000,limon argilo-sableux
24,KANDI I,11.1305191,2.9325785,562.00000,269.00000,301.00000,114.00000,255.00000,0.00000,0.00000,0.00000,0.00000,0.00000,0.00000,Non classé
25,KANDI II,11.1305191,2.9325785,562.00000,269.00000,301.00000,114.00000,255.00000,0.00000,0.00000,0.00000,0.00000,0.00000,0.00000,Non classé
26,KANDI III,11.1305191,2.9325785,562.00000,269.00000,301.00000,114.00000,255.00000,0.00000,0.00000,0.00000,0.00000,0.00000,0.00000,Non classé
27,BIRNI-LAFIA,11.9777456,3.2219164,374.00000,197.00000,214.00000,109.00000,255.00000,102.00000,95.00000,274.00000,485.00000,241.00000,56.00000,limon argilo-sableux
28,BOGO-BOGO,12.1038337,3.1058477,574.00000,225.00000,200.00000,112.00000,255.00000,120.00000,107.00000,222.00000,629.00000,149.00000,60.00000,
29,KOMPA,12.2052775,3.033837,474.00000,243.00000,188.00000,106.00000,255.00000,89.00000,94.00000,244.00000,556.00000,199.00000,58.00000,limon sableux
30,MONSEY,12.2914805,2.9244621,492.00000,202.00000,354.00000,125.00000,255.00000,99.00000,86.00000,219.00000,577.00000,203.00000,60.00000,limon argilo-sableux
31,KARIMAMA,12.0694249,3.1842421,379.00000,221.00000,185.00000,97.00000,255.00000,69.00000,78.00000,214.00000,619.00000,168.00000,56.00000,limon sableux
32,GAROU,11.7967555,3.4776092,471.00000,170.00000,202.00000,99.00000,255.00000,66.00000,105.00000,157.00000,716.00000,127.00000,59.00000,sable limoneux
33,GUENE,11.7172493,3.2231727,435.00000,164.00000,222.00000,104.00000,255.00000,82.00000,108.00000,239.00000,626.00000,135.00000,62.00000,
34,MADECALI,11.7034605,3.5496428,437.00000,261.00000,237.00000,143.00000,255.00000,113.00000,101.00000,205.00000,634.00000,160.00000,61.00000,limon sableux
35,TOUMBOUTOU,11.8544767,3.2898035,551.00000,174.00000,187.00000,101.00000,255.00000,114.00000,121.00000,315.00000,468.00000,217.00000,56.00000,limon
36,MALANVILLE,11.8633332,3.3842473,446.00000,243.00000,286.00000,109.00000,255.00000,0.00000,0.00000,0.00000,0.00000,0.00000,0.00000,Non classé
37,LIBANTE,10.7864049,3.5850658,390.00000,194.00000,182.00000,127.00000,255.00000,78.00000,123.00000,247.00000,556.00000,197.00000,62.00000,limon sableux
38,LIBOUSSOU,10.919943,3.488976,492.00000,183.00000,201.00000,134.00000,255.00000,91.00000,140.00000,248.00000,553.00000,198.00000,62.00000,limon sableux
39,LOUGOU,11.1188324,3.3754249,455.00000,256.00000,192.00000,118.00000,255.00000,84.00000,181.00000,278.00000,492.00000,230.00000,65.00000,limon argilo-sableux
40,SOKOTINDJI,10.8501469,3.428383,343.00000,198.00000,191.00000,117.00000,255.00000,91.00000,149.00000,235.00000,588.00000,177.00000,62.00000,limon sableux
41,SEGBANA,10.9274024,3.6952896,611.00000,224.00000,227.00000,104.00000,255.00000,81.00000,117.00000,249.00000,532.00000,219.00000,64.00000,limon argilo-sableux
42,DIPOLI,10.2163,1.0986,538.00000,514.00000,231.00000,89.00000,255.00000,116.00000,175.00000,235.00000,556.00000,209.00000,63.00000,limon argilo-sableux
43,KORONTIERE,10.1853232,1.0921473,629.00000,544.00000,216.00000,108.00000,255.00000,127.00000,189.00000,232.00000,531.00000,236.00000,63.00000,limon argilo-sableux
44,KOUSSOUCOINGOU,10.1812025,1.2028612,442.00000,546.00000,218.00000,137.00000,255.00000,121.00000,126.00000,205.00000,589.00000,206.00000,60.00000,limon argilo-sableux
45,MANTA,10.3532813,1.1090478,524.00000,560.00000,226.00000,112.00000,255.00000,113.00000,195.00000,246.00000,528.00000,225.00000,63.00000,limon argilo-sableux
46,NATTA,10.2211114,1.1112352,458.00000,481.00000,216.00000,88.00000,255.00000,118.00000,186.00000,232.00000,547.00000,221.00000,63.00000,limon argilo-sableux
47,TABOTA,10.2163,1.2003,423.00000,413.00000,190.00000,133.00000,255.00000,145.00000,180.00000,205.00000,596.00000,199.00000,62.00000,limon sableux
48,BOUKOUMBE,10.1853232,1.0921473,629.00000,544.00000,216.00000,108.00000,255.00000,127.00000,189.00000,232.00000,531.00000,236.00000,63.00000,limon argilo-sableux
49,DATORI,10.4148078,0.7901334,530.00000,420.00000,239.00000,107.00000,255.00000,78.00000,160.00000,249.00000,568.00000,183.00000,60.00000,limon sableux
50,KOUNTORI,10.4073659,0.9462345,488.00000,466.00000,225.00000,116.00000,255.00000,99.00000,223.00000,249.00000,547.00000,203.00000,61.00000,limon argilo-sableux
51,TAPOGA,10.5702684,0.989237,558.00000,434.00000,241.00000,113.00000,255.00000,86.00000,142.00000,218.00000,574.00000,208.00000,63.00000,limon argilo-sableux
52,COBLY,10.4834476,0.8675134,596.00000,475.00000,237.00000,111.00000,255.00000,87.00000,173.00000,252.00000,539.00000,209.00000,61.00000,limon argilo-sableux
53,BRIGNAMARO,10.7409691,2.072648,400.00000,168.00000,213.00000,141.00000,255.00000,103.00000,178.00000,338.00000,489.00000,173.00000,64.00000,limon sableux
54,FIROU,10.9167039,1.9444205,467.00000,223.00000,214.00000,140.00000,255.00000,88.00000,193.00000,280.00000,568.00000,153.00000,65.00000,limon sableux
55,KAOBAGOU,11.0687152,1.9209942,571.00000,234.00000,197.00000,133.00000,255.00000,0.00000,0.00000,0.00000,0.00000,0.00000,0.00000,Non classé
56,KEROU,10.8323229,2.1106617,368.00000,188.00000,208.00000,113.00000,255.00000,95.00000,148.00000,363.00000,409.00000,228.00000,64.00000,limon
57,BIRNI,9.9891465,1.5269147,516.00000,589.00000,206.00000,147.00000,255.00000,120.00000,169.00000,194.00000,602.00000,204.00000,62.00000,limon argilo-sableux
58,CHABI-KOUMA,10.0039694,1.4731236,418.00000,599.00000,192.00000,133.00000,255.00000,107.00000,154.00000,245.00000,585.00000,170.00000,60.00000,limon sableux
59,FOO-TANCE,10.3325,1.6837,538.00000,592.00000,237.00000,146.00000,255.00000,98.00000,112.00000,212.00000,625.00000,163.00000,60.00000,limon sableux
60,GUILMARO,10.5685138,1.7283341,398.00000,270.00000,200.00000,120.00000,255.00000,100.00000,138.00000,224.00000,612.00000,164.00000,60.00000,limon sableux
61,OROUKAYO,10.3055049,1.7423131,470.00000,463.00000,206.00000,136.00000,255.00000,96.00000,114.00000,245.00000,601.00000,154.00000,60.00000,limon sableux
62,KOUANDE,10.3313409,1.6930787,613.00000,515.00000,229.00000,108.00000,255.00000,128.00000,139.00000,221.00000,619.00000,160.00000,60.00000,limon sableux
63,DASSARI,10.8076873,1.1419054,503.00000,364.00000,316.00000,115.00000,255.00000,110.00000,182.00000,291.00000,544.00000,165.00000,64.00000,limon sableux
64,GOUANDE,10.7845521,0.9175911,503.00000,468.00000,272.00000,123.00000,255.00000,78.00000,192.00000,250.00000,568.00000,182.00000,62.00000,limon sableux
65,NODI,10.9084134,1.0417096,567.00000,378.00000,357.00000,119.00000,255.00000,78.00000,162.00000,251.00000,584.00000,165.00000,64.00000,limon sableux
66,TANTEGA,10.7672,1.0327,480.00000,495.00000,273.00000,115.00000,255.00000,80.00000,139.00000,237.00000,566.00000,197.00000,62.00000,limon sableux
67,TCHIANHOUNCOSSI,10.7321,1.0657,482.00000,423.00000,359.00000,84.00000,255.00000,95.00000,178.00000,238.00000,570.00000,192.00000,63.00000,limon sableux
68,MATERI,10.6134,1.0629,499.00000,403.00000,271.00000,111.00000,255.00000,78.00000,173.00000,242.00000,558.00000,200.00000,62.00000,limon sableux
69,KOTOPOUNGA,10.3088203,1.5313636,456.00000,565.00000,215.00000,137.00000,255.00000,139.00000,139.00000,219.00000,575.00000,206.00000,60.00000,limon argilo-sableux
70,KOUABA,10.2499909,1.2295586,375.00000,578.00000,208.00000,143.00000,255.00000,122.00000,133.00000,186.00000,625.00000,188.00000,61.00000,limon sableux
71,KOUANDATA,10.2001,1.3321,487.00000,444.00000,218.00000,125.00000,255.00000,119.00000,163.00000,247.00000,577.00000,175.00000,62.00000,limon sableux
72,PERMA,10.1139835,1.4410527,433.00000,437.00000,224.00000,150.00000,255.00000,119.00000,194.00000,284.00000,550.00000,166.00000,62.00000,limon sableux
73,TCHOUMI-TCHOUMI,10.1619646,1.412739,418.00000,609.00000,190.00000,122.00000,255.00000,100.00000,141.00000,225.00000,632.00000,143.00000,62.00000,
74,NATITINGOU I,10.2963526,1.3806902,524.00000,630.00000,199.00000,140.00000,255.00000,0.00000,0.00000,0.00000,0.00000,0.00000,0.00000,Non classé
75,NATITINGOU II,10.2963526,1.3806902,524.00000,630.00000,199.00000,140.00000,255.00000,0.00000,0.00000,0.00000,0.00000,0.00000,0.00000,Non classé
76,NATITINGOU III,10.2963526,1.3806902,524.00000,630.00000,199.00000,140.00000,255.00000,0.00000,0.00000,0.00000,0.00000,0.00000,0.00000,Non classé
77,PEPORIYAKOU,10.25585,1.42877,426.00000,640.00000,237.00000,164.00000,255.00000,139.00000,134.00000,194.00000,603.00000,203.00000,60.00000,limon argilo-sableux
78,GNEMASSON,10.2244,2.038,460.00000,283.00000,206.00000,126.00000,255.00000,95.00000,110.00000,222.00000,613.00000,165.00000,61.00000,limon sableux
79,TOBRE,10.1162,2.1341,424.00000,243.00000,190.00000,122.00000,255.00000,77.00000,111.00000,229.00000,628.00000,143.00000,62.00000,
80,PEHUNCO,10.1433,2.2023,460.00000,401.00000,200.00000,130.00000,255.00000,91.00000,121.00000,223.00000,592.00000,185.00000,62.00000,limon sableux
81,COTIAKOU,10.5953946,1.3057079,584.00000,627.00000,201.00000,141.00000,255.00000,103.00000,136.00000,255.00000,583.00000,162.00000,62.00000,limon sableux
82,N'GAHONTA,10.8724,1.5106,492.00000,273.00000,215.00000,156.00000,255.00000,91.00000,152.00000,263.00000,570.00000,167.00000,61.00000,limon sableux
83,TAIACOU,10.5525578,1.199882,511.00000,458.00000,275.00000,118.00000,255.00000,87.00000,151.00000,247.00000,549.00000,203.00000,62.00000,limon argilo-sableux
84,TANONGOU,10.8121477,1.4363443,621.00000,250.00000,214.00000,105.00000,255.00000,96.00000,189.00000,238.00000,552.00000,210.00000,64.00000,limon argilo-sableux
85,TANGUIETA,10.6227552,1.2650349,473.00000,450.00000,218.00000,104.00000,255.00000,0.00000,0.00000,0.00000,0.00000,0.00000,0.00000,Non classé
86,KOUARFA,10.4853297,1.5147698,475.00000,595.00000,196.00000,136.00000,255.00000,118.00000,121.00000,202.00000,612.00000,186.00000,60.00000,limon sableux
87,TAMPEGRE,10.3973,1.4502,408.00000,646.00000,205.00000,173.00000,255.00000,103.00000,129.00000,193.00000,624.00000,183.00000,60.00000,limon sableux
88,TOUKOUNTOUNA,10.4957094,1.3782775,494.00000,591.00000,193.00000,115.00000,255.00000,104.00000,163.00000,236.00000,598.00000,166.00000,61.00000,limon sableux
89,AKASSATO,6.5051345,2.3645585,1697.00000,471.00000,324.00000,197.00000,255.00000,0.00000,0.00000,0.00000,0.00000,0.00000,0.00000,Non classé
90,GODOMEY,6.4132024,2.3123031,1325.00000,537.00000,346.00000,230.00000,255.00000,0.00000,0.00000,0.00000,0.00000,0.00000,0.00000,Non classé
91,GOLO-DJIGBE,6.830463,2.3693044,1094.00000,421.00000,475.00000,211.00000,255.00000,246.00000,233.00000,292.00000,348.00000,359.00000,62.00000,limon argileux fin
92,HEVIE,6.4081646,2.2482705,1025.00000,432.00000,262.00000,180.00000,255.00000,0.00000,0.00000,0.00000,0.00000,0.00000,0.00000,Non classé
93,KPANROUN,6.5079156,2.3272668,1050.00000,577.00000,315.00000,134.00000,255.00000,104.00000,147.00000,88.00000,710.00000,202.00000,57.00000,limon argilo-sableux
94,OUEDO,6.4996774,2.4559393,0.00000,0.00000,0.00000,0.00000,0.00000,262.00000,249.00000,422.00000,245.00000,333.00000,56.00000,limon argileux fin
95,TOGBA,6.4631815,2.3051165,871.00000,592.00000,346.00000,129.00000,255.00000,116.00000,231.00000,139.00000,692.00000,169.00000,58.00000,limon sableux
96,ZINVIE,6.6237058,2.3435798,1328.00000,680.00000,263.00000,108.00000,255.00000,120.00000,228.00000,103.00000,685.00000,212.00000,58.00000,limon argilo-sableux
97,ABOMEY-CALAVI,6.4503024,2.3468195,1606.00000,627.00000,1030.00000,158.00000,255.00000,0.00000,0.00000,0.00000,0.00000,0.00000,0.00000,Non classé
98,AGBANOU,6.5814,2.1506,1290.00000,624.00000,303.00000,139.00000,255.00000,100.00000,276.00000,84.00000,757.00000,159.00000,59.00000,limon sableux
99,AHOUANNONZOUN,6.351748,2.3917681,1155.00000,566.00000,323.00000,192.00000,255.00000,0.00000,0.00000,0.00000,0.00000,0.00000,0.00000,Non classé
100,ATTOGON,6.7153555,2.1570483,1170.00000,770.00000,225.00000,118.00000,255.00000,127.00000,257.00000,84.00000,736.00000,181.00000,60.00000,limon sableux
101,AVAKPA,6.6783091,2.0444651,1135.00000,560.00000,286.00000,126.00000,255.00000,217.00000,236.00000,219.00000,468.00000,313.00000,62.00000,limon argilo-sableux
102,AYOU,6.72356,2.1196616,1193.00000,560.00000,227.00000,121.00000,255.00000,115.00000,269.00000,53.00000,808.00000,139.00000,60.00000,sable limoneux
103,HINVI,6.66225,2.11966,1016.00000,561.00000,241.00000,126.00000,255.00000,184.00000,252.00000,120.00000,640.00000,240.00000,57.00000,limon argilo-sableux
104,LISSEGAZOUN,6.5814,2.1506,1290.00000,624.00000,303.00000,139.00000,255.00000,100.00000,276.00000,84.00000,757.00000,159.00000,59.00000,limon sableux
105,LON-AGONMEY,6.7309825,2.0425792,1031.00000,556.00000,305.00000,115.00000,255.00000,246.00000,182.00000,185.00000,425.00000,391.00000,61.00000,limon argileux fin
106,SEKOU,6.6222894,2.2378099,1908.00000,746.00000,253.00000,132.00000,255.00000,104.00000,161.00000,95.00000,737.00000,168.00000,60.00000,limon sableux
107,TOKPA-AVAGOUDO,6.7031751,2.0618394,1003.00000,714.00000,241.00000,129.00000,255.00000,141.00000,274.00000,116.00000,711.00000,173.00000,61.00000,limon sableux
108,ALLADA,6.6644629,2.1597595,1444.00000,682.00000,251.00000,127.00000,255.00000,117.00000,167.00000,63.00000,773.00000,164.00000,58.00000,limon sableux
109,TOGOUDO,6.65,2.166667,1302.00000,600.00000,294.00000,126.00000,255.00000,132.00000,223.00000,88.00000,703.00000,209.00000,58.00000,limon argilo-sableux
110,AGANMALOME,6.5101877,2.0469151,1243.00000,585.00000,260.00000,115.00000,255.00000,139.00000,217.00000,90.00000,742.00000,168.00000,60.00000,limon sableux
111,AGBANTO,6.46202,2.02383,1503.00000,562.00000,275.00000,149.00000,255.00000,122.00000,145.00000,177.00000,567.00000,256.00000,58.00000,limon argilo-sableux
112,AGONKANME,6.459547,2.0231806,1584.00000,576.00000,286.00000,145.00000,255.00000,110.00000,144.00000,90.00000,745.00000,165.00000,59.00000,limon sableux
113,DEDOME,6.4587526,2.0323557,1737.00000,563.00000,300.00000,147.00000,255.00000,133.00000,139.00000,181.00000,586.00000,233.00000,58.00000,limon argilo-sableux
114,DEKANME,6.46202,2.02383,1503.00000,562.00000,275.00000,149.00000,255.00000,122.00000,145.00000,177.00000,567.00000,256.00000,58.00000,limon argilo-sableux
115,SEGBEYA,6.3780269,2.4431102,2097.00000,818.00000,559.00000,191.00000,255.00000,0.00000,0.00000,0.00000,0.00000,0.00000,0.00000,Non classé
116,SEGBOHOUE,6.4092881,1.9734743,1371.00000,414.00000,280.00000,216.00000,255.00000,102.00000,180.00000,82.00000,767.00000,151.00000,59.00000,limon sableux
117,TOKPA-DOME,6.7031751,2.0618394,1003.00000,714.00000,241.00000,129.00000,255.00000,141.00000,274.00000,116.00000,711.00000,173.00000,61.00000,limon sableux
118,KPOMASSE,6.5101877,2.0469151,1243.00000,585.00000,260.00000,115.00000,255.00000,139.00000,217.00000,90.00000,742.00000,168.00000,60.00000,limon sableux
119,AVLEKETE,6.3491978,2.2021494,1324.00000,530.00000,478.00000,177.00000,255.00000,128.00000,276.00000,201.00000,656.00000,144.00000,53.00000,
120,DJEGBADJI,6.332077,2.0868793,1284.00000,495.00000,514.00000,140.00000,255.00000,0.00000,0.00000,0.00000,0.00000,0.00000,0.00000,Non classé
121,GAKPE,6.4125302,2.1299451,1135.00000,460.00000,280.00000,187.00000,255.00000,121.00000,194.00000,122.00000,665.00000,214.00000,56.00000,limon argilo-sableux
122,OUAKPE-DAHO,6.38608,2.10583,1528.00000,601.00000,287.00000,195.00000,255.00000,115.00000,153.00000,74.00000,778.00000,148.00000,58.00000,sable limoneux
123,PAHOU,6.3843642,2.2162882,1908.00000,498.00000,272.00000,184.00000,255.00000,0.00000,0.00000,0.00000,0.00000,0.00000,0.00000,Non classé
124,SAVI,6.378476,2.3963691,1458.00000,733.00000,492.00000,158.00000,255.00000,0.00000,0.00000,0.00000,0.00000,0.00000,0.00000,Non classé
125,OUIDAH I,6.3716474,2.0763253,1422.00000,644.00000,345.00000,203.00000,255.00000,0.00000,0.00000,0.00000,0.00000,0.00000,0.00000,Non classé
126,OUIDAH II,6.3716474,2.0763253,1422.00000,644.00000,345.00000,203.00000,255.00000,0.00000,0.00000,0.00000,0.00000,0.00000,0.00000,Non classé
127,OUIDAH III,6.3716474,2.0763253,1422.00000,644.00000,345.00000,203.00000,255.00000,0.00000,0.00000,0.00000,0.00000,0.00000,0.00000,Non classé
128,OUIDAH IV,6.3716474,2.0763253,1422.00000,644.00000,345.00000,203.00000,255.00000,0.00000,0.00000,0.00000,0.00000,0.00000,0.00000,Non classé
129,AHOMEY-LOKPO,6.4844408,2.420043,1289.00000,376.00000,444.00000,145.00000,255.00000,222.00000,360.00000,322.00000,230.00000,448.00000,53.00000,
130,DEKANMEY,6.5586832,1.9968999,640.00000,382.00000,342.00000,124.00000,255.00000,272.00000,179.00000,269.00000,324.00000,407.00000,61.00000,
131,GANVIE I,6.4699657,2.4122257,1469.00000,544.00000,505.00000,146.00000,255.00000,0.00000,0.00000,0.00000,0.00000,0.00000,0.00000,Non classé
132,GANVIE II,6.4699657,2.4122257,1469.00000,544.00000,505.00000,146.00000,255.00000,0.00000,0.00000,0.00000,0.00000,0.00000,0.00000,Non classé
133,HOUEDO-AGUEKON,6.4122,2.428,0.00000,0.00000,0.00000,0.00000,0.00000,0.00000,0.00000,0.00000,0.00000,0.00000,0.00000,Non classé
134,VEKKY,6.49632,2.42682,1118.00000,418.00000,465.00000,143.00000,255.00000,0.00000,0.00000,0.00000,0.00000,0.00000,0.00000,Non classé
135,SO-AVA,6.4660241,2.4011124,0.00000,0.00000,0.00000,0.00000,0.00000,0.00000,0.00000,0.00000,0.00000,0.00000,0.00000,Non classé
136,AGUE,6.3880936,2.4227241,1119.00000,652.00000,656.00000,162.00000,255.00000,0.00000,0.00000,0.00000,0.00000,0.00000,0.00000,Non classé
137,COLLI-AGBAME,6.8443596,2.0815354,929.00000,555.00000,292.00000,139.00000,255.00000,231.00000,286.00000,141.00000,639.00000,220.00000,61.00000,limon argilo-sableux
138,COUSSI,6.8481413,2.1366698,905.00000,596.00000,202.00000,117.00000,255.00000,199.00000,191.00000,133.00000,664.00000,204.00000,61.00000,limon argilo-sableux
139,DAME,6.3566858,2.4394446,1877.00000,874.00000,609.00000,182.00000,255.00000,0.00000,0.00000,0.00000,0.00000,0.00000,0.00000,Non classé
140,DJANGLANME,6.85,2.0833,822.00000,582.00000,336.00000,137.00000,255.00000,267.00000,277.00000,107.00000,643.00000,251.00000,62.00000,limon argilo-sableux
141,HOUEGBO,6.8443596,2.0815354,929.00000,555.00000,292.00000,139.00000,255.00000,231.00000,286.00000,141.00000,639.00000,220.00000,61.00000,limon argilo-sableux
142,KPOME,6.9456769,2.3042146,1439.00000,384.00000,322.00000,190.00000,255.00000,102.00000,193.00000,92.00000,749.00000,159.00000,63.00000,limon sableux
143,SEHOUE,6.8443596,2.0815354,929.00000,555.00000,292.00000,139.00000,255.00000,231.00000,286.00000,141.00000,639.00000,220.00000,61.00000,limon argilo-sableux
144,SEY,6.8385308,2.1131154,888.00000,556.00000,211.00000,135.00000,255.00000,150.00000,284.00000,55.00000,767.00000,178.00000,62.00000,limon sableux
145,TOFFO,6.8443596,2.0815354,929.00000,555.00000,292.00000,139.00000,255.00000,231.00000,286.00000,141.00000,639.00000,220.00000,61.00000,limon argilo-sableux
146,AVAME,6.5054359,2.2095438,1673.00000,580.00000,303.00000,117.00000,255.00000,159.00000,246.00000,156.00000,575.00000,269.00000,58.00000,limon argilo-sableux
147,AZOHOUE-ALIHO,6.4405664,2.1399331,989.00000,581.00000,282.00000,128.00000,255.00000,105.00000,147.00000,70.00000,746.00000,184.00000,55.00000,limon sableux
148,AZOHOUE-CADA,6.4410942,2.3363,1065.00000,388.00000,359.00000,171.00000,255.00000,0.00000,0.00000,0.00000,0.00000,0.00000,0.00000,Non classé
149,TORI-CADA,6.5775677,2.189727,1045.00000,698.00000,243.00000,137.00000,255.00000,101.00000,248.00000,75.00000,767.00000,158.00000,57.00000,limon sableux
150,TORI-GARE,6.819251,2.1868807,2037.00000,618.00000,230.00000,129.00000,255.00000,122.00000,213.00000,123.00000,694.00000,183.00000,62.00000,limon sableux
151,TORI-BOSSITO,6.5017792,2.14748,1361.00000,698.00000,254.00000,115.00000,255.00000,0.00000,0.00000,0.00000,0.00000,0.00000,0.00000,Non classé
152,ADJAN,6.3546875,2.4183064,1727.00000,743.00000,431.00000,132.00000,255.00000,0.00000,0.00000,0.00000,0.00000,0.00000,0.00000,Non classé
153,DAWE,6.93748,2.16467,1161.00000,667.00000,716.00000,146.00000,0.00000,328.00000,244.00000,262.00000,274.00000,464.00000,62.00000,
154,DJIGBE,6.830463,2.3693044,1094.00000,421.00000,475.00000,211.00000,255.00000,246.00000,233.00000,292.00000,348.00000,359.00000,62.00000,limon argileux fin
155,DODJI-BATA,6.6753232,2.2867037,1102.00000,682.00000,224.00000,123.00000,255.00000,109.00000,165.00000,74.00000,773.00000,153.00000,59.00000,limon sableux
156,HEKANME,6.7925707,2.3192637,973.00000,664.00000,207.00000,111.00000,255.00000,104.00000,189.00000,57.00000,796.00000,147.00000,62.00000,sable limoneux
157,KOUNDOKPOE,6.726115,2.3163068,1056.00000,646.00000,243.00000,131.00000,255.00000,129.00000,227.00000,98.00000,732.00000,171.00000,59.00000,limon sableux
158,SEDJE-DENOU,6.7246733,2.3778433,1204.00000,646.00000,268.00000,195.00000,255.00000,131.00000,199.00000,95.00000,699.00000,205.00000,59.00000,limon argilo-sableux
159,SEDJE-HOUEGOUDO,6.7014876,2.3881503,1183.00000,427.00000,325.00000,202.00000,255.00000,177.00000,210.00000,188.00000,580.00000,232.00000,59.00000,limon argilo-sableux
160,TANGBO-DJEVIE,6.6,2.3,2023.00000,714.00000,219.00000,115.00000,255.00000,98.00000,214.00000,71.00000,771.00000,158.00000,60.00000,limon sableux
161,YOKPO,6.7,2.616667,634.00000,511.00000,233.00000,108.00000,255.00000,114.00000,155.00000,155.00000,685.00000,159.00000,63.00000,limon sableux
162,ZE,6.701041,2.341887,1127.00000,641.00000,247.00000,127.00000,255.00000,158.00000,232.00000,129.00000,674.00000,197.00000,59.00000,limon sableux
163,BEROUBOUAY,10.533333,2.733333,464.00000,202.00000,180.00000,125.00000,255.00000,74.00000,109.00000,233.00000,569.00000,198.00000,63.00000,limon sableux
164,BOUANRI,10.1983373,2.8789111,390.00000,203.00000,219.00000,147.00000,255.00000,78.00000,138.00000,244.00000,595.00000,162.00000,63.00000,limon sableux
165,GOMIA,10.533333,2.733333,464.00000,202.00000,180.00000,125.00000,255.00000,74.00000,109.00000,233.00000,569.00000,198.00000,63.00000,limon sableux
166,INA,9.9661466,2.7307058,424.00000,313.00000,201.00000,148.00000,255.00000,0.00000,0.00000,0.00000,0.00000,0.00000,0.00000,Non classé
167,BEMBEREKE,10.2183336,2.6660901,453.00000,298.00000,217.00000,116.00000,255.00000,103.00000,104.00000,203.00000,653.00000,143.00000,63.00000,
168,BASSO,10.4984276,3.6914848,420.00000,181.00000,190.00000,139.00000,255.00000,88.00000,131.00000,245.00000,550.00000,204.00000,62.00000,limon argilo-sableux
169,BOUCA,10.21418,3.13531,452.00000,189.00000,200.00000,137.00000,255.00000,77.00000,161.00000,250.00000,582.00000,169.00000,62.00000,limon sableux
170,DERASSI,10.1639795,3.2621345,416.00000,234.00000,208.00000,146.00000,255.00000,73.00000,106.00000,226.00000,589.00000,185.00000,62.00000,limon sableux
171,DUNKASSA,10.3729553,3.4347961,373.00000,284.00000,204.00000,131.00000,255.00000,82.00000,119.00000,222.00000,622.00000,155.00000,61.00000,limon sableux
172,PEONGA,10.2487,3.2657,366.00000,167.00000,189.00000,162.00000,255.00000,88.00000,171.00000,250.00000,576.00000,174.00000,63.00000,limon sableux
173,KALALE,10.2901302,3.3817264,378.00000,326.00000,197.00000,128.00000,255.00000,67.00000,123.00000,221.00000,627.00000,152.00000,59.00000,limon sableux
174,BORI,9.7508035,2.4431102,422.00000,303.00000,187.00000,124.00000,255.00000,73.00000,146.00000,220.00000,620.00000,161.00000,63.00000,limon sableux
175,GBEGOUROU,9.4301393,2.721371,445.00000,270.00000,219.00000,125.00000,255.00000,84.00000,88.00000,224.00000,585.00000,191.00000,61.00000,limon sableux
176,OUENOU,9.7869731,2.6375385,521.00000,233.00000,187.00000,128.00000,255.00000,0.00000,0.00000,0.00000,0.00000,0.00000,0.00000,Non classé
177,SIRAROU,9.5892879,2.6474675,600.00000,312.00000,221.00000,126.00000,255.00000,103.00000,98.00000,208.00000,584.00000,208.00000,62.00000,limon argilo-sableux
178,N'DALI,9.8630387,2.7133005,471.00000,227.00000,203.00000,120.00000,255.00000,79.00000,86.00000,206.00000,639.00000,155.00000,60.00000,limon sableux
179,BIRO,9.9029408,2.945068,425.00000,237.00000,204.00000,144.00000,255.00000,76.00000,103.00000,217.00000,629.00000,154.00000,61.00000,limon sableux
180,GNONKOUROKALI,10.1170436,2.8963776,515.00000,193.00000,214.00000,151.00000,255.00000,79.00000,143.00000,263.00000,581.00000,157.00000,62.00000,limon sableux
181,OUENOU,9.7869731,2.6375385,521.00000,233.00000,187.00000,128.00000,255.00000,0.00000,0.00000,0.00000,0.00000,0.00000,0.00000,Non classé
182,SEREKALI,9.9201987,3.0438494,534.00000,322.00000,232.00000,129.00000,255.00000,72.00000,85.00000,184.00000,647.00000,170.00000,63.00000,limon sableux
183,SUYA,9.8549079,3.0933164,454.00000,254.00000,226.00000,141.00000,255.00000,78.00000,85.00000,166.00000,661.00000,173.00000,61.00000,limon sableux
184,TASSO,9.6710207,3.2006951,578.00000,464.00000,218.00000,142.00000,255.00000,85.00000,91.00000,200.00000,607.00000,193.00000,60.00000,limon sableux
185,NIKKI,9.936763,3.2131232,445.00000,303.00000,217.00000,137.00000,255.00000,0.00000,0.00000,0.00000,0.00000,0.00000,0.00000,Non classé
186,1ER ARRONDISSEMENT,6.4675542,2.6313339,696.00000,355.00000,330.00000,109.00000,255.00000,0.00000,0.00000,0.00000,0.00000,0.00000,0.00000,Non classé
187,2EME ARRONDISSEMENT,6.4807507,2.6536742,1003.00000,424.00000,252.00000,104.00000,255.00000,141.00000,566.00000,92.00000,662.00000,246.00000,59.00000,limon argilo-sableux
188,3EME ARRONDISSEMENT,6.4783056,2.6114849,828.00000,306.00000,285.00000,117.00000,255.00000,0.00000,0.00000,0.00000,0.00000,0.00000,0.00000,Non classé
189,GNINSY,9.30769,2.315834,522.00000,402.00000,180.00000,132.00000,255.00000,102.00000,122.00000,241.00000,564.00000,196.00000,62.00000,limon sableux
190,GUINAGOUROU,9.5632379,2.9500647,524.00000,465.00000,199.00000,122.00000,255.00000,80.00000,106.00000,221.00000,602.00000,178.00000,62.00000,limon sableux
191,KPEBIE,9.343856,2.6164463,889.00000,460.00000,215.00000,114.00000,255.00000,0.00000,0.00000,0.00000,0.00000,0.00000,0.00000,Non classé
192,PANE,9.6373,3.0652,423.00000,479.00000,215.00000,136.00000,255.00000,91.00000,103.00000,187.00000,591.00000,223.00000,62.00000,limon argilo-sableux
193,SONTOU,9.7198193,2.8502302,475.00000,377.00000,206.00000,152.00000,255.00000,88.00000,126.00000,199.00000,619.00000,182.00000,62.00000,limon sableux
194,PERERE,9.7979899,2.9913073,460.00000,559.00000,195.00000,112.00000,255.00000,0.00000,0.00000,0.00000,0.00000,0.00000,0.00000,Non classé
195,FO-BOURE,10.113456,2.4005581,377.00000,240.00000,206.00000,146.00000,255.00000,99.00000,115.00000,259.00000,524.00000,217.00000,63.00000,limon argilo-sableux
196,SEKERE,10.4443375,2.4529976,476.00000,219.00000,175.00000,121.00000,255.00000,94.00000,138.00000,256.00000,546.00000,198.00000,65.00000,limon sableux
197,SIKKI,10.1851988,2.387857,422.00000,229.00000,204.00000,141.00000,255.00000,97.00000,173.00000,202.00000,625.00000,173.00000,62.00000,limon sableux
198,SINENDE,10.3438309,2.3838304,568.00000,204.00000,197.00000,104.00000,255.00000,81.00000,177.00000,247.00000,590.00000,164.00000,63.00000,limon sableux
199,ALAFIAROU,9.8937064,3.4281464,404.00000,514.00000,195.00000,160.00000,255.00000,100.00000,98.00000,212.00000,622.00000,166.00000,61.00000,limon sableux
200,BETEROU,9.2008079,2.2691943,687.00000,365.00000,199.00000,122.00000,255.00000,136.00000,198.00000,230.00000,547.00000,223.00000,62.00000,limon argilo-sableux
201,GORO,8.8879709,2.5941239,495.00000,284.00000,166.00000,94.00000,255.00000,0.00000,0.00000,0.00000,0.00000,0.00000,0.00000,Non classé
202,KIKA,9.3,2.266667,556.00000,503.00000,211.00000,141.00000,255.00000,99.00000,154.00000,252.00000,583.00000,165.00000,61.00000,limon sableux
203,SANSON,9.2765988,2.4289008,586.00000,377.00000,189.00000,121.00000,255.00000,0.00000,0.00000,0.00000,0.00000,0.00000,0.00000,Non classé
204,TCHATCHOU,10.3702978,2.4473591,519.00000,219.00000,184.00000,137.00000,255.00000,99.00000,135.00000,253.00000,547.00000,199.00000,62.00000,limon sableux
205,TCHAOUROU,8.8879709,2.5941239,481.00000,408.00000,169.00000,98.00000,255.00000,0.00000,0.00000,0.00000,0.00000,0.00000,0.00000,Non classé
206,AGOUA,8.2944756,1.9600233,718.00000,306.00000,160.00000,109.00000,255.00000,145.00000,181.00000,249.00000,535.00000,215.00000,61.00000,limon argilo-sableux
207,AKPASSI,8.4440879,1.8830646,709.00000,403.00000,183.00000,122.00000,255.00000,0.00000,0.00000,0.00000,0.00000,0.00000,0.00000,Non classé
208,ATOKOLIBE,8.1548139,1.9572766,840.00000,631.00000,277.00000,94.00000,255.00000,0.00000,0.00000,0.00000,0.00000,0.00000,0.00000,Non classé
209,BOBE,8.33916,1.87124,900.00000,570.00000,193.00000,118.00000,255.00000,150.00000,176.00000,236.00000,503.00000,260.00000,62.00000,limon argilo-sableux
210,GOUKA,8.1373434,1.961246,667.00000,385.00000,276.00000,93.00000,255.00000,0.00000,0.00000,0.00000,0.00000,0.00000,0.00000,Non classé
211,KOKO,8.3785122,1.8440259,600.00000,399.00000,145.00000,93.00000,255.00000,0.00000,0.00000,0.00000,0.00000,0.00000,0.00000,Non classé
212,LOUGBA,8.3835793,1.785257,909.00000,450.00000,186.00000,132.00000,255.00000,145.00000,159.00000,200.00000,570.00000,231.00000,62.00000,limon argilo-sableux
213,PIRA,8.4941629,1.7271179,686.00000,549.00000,161.00000,108.00000,255.00000,0.00000,0.00000,0.00000,0.00000,0.00000,0.00000,Non classé
214,BANTE,8.411178,1.8879469,658.00000,416.00000,138.00000,75.00000,255.00000,0.00000,0.00000,0.00000,0.00000,0.00000,0.00000,Non classé
215,AKOFFODJOULE,7.69366,2.26729,839.00000,429.00000,253.00000,110.00000,255.00000,112.00000,116.00000,164.00000,680.00000,156.00000,64.00000,limon sableux
216,GBAFFO,7.7823914,2.2610864,834.00000,388.00000,170.00000,105.00000,255.00000,125.00000,119.00000,200.00000,612.00000,188.00000,62.00000,limon sableux
217,KERE,7.69366,2.26729,839.00000,429.00000,253.00000,110.00000,255.00000,112.00000,116.00000,164.00000,680.00000,156.00000,64.00000,limon sableux
218,KPINGNI,7.7787094,2.1832532,1051.00000,343.00000,210.00000,112.00000,255.00000,112.00000,124.00000,193.00000,642.00000,165.00000,65.00000,limon sableux
219,LEMA,7.69366,2.26729,839.00000,429.00000,253.00000,110.00000,255.00000,112.00000,116.00000,164.00000,680.00000,156.00000,64.00000,limon sableux
220,PAOUINGNAN,7.6775768,2.2248966,761.00000,319.00000,203.00000,122.00000,255.00000,120.00000,105.00000,190.00000,630.00000,181.00000,63.00000,limon sableux
221,SOCLOGBO,7.6914537,2.2684413,743.00000,385.00000,253.00000,114.00000,255.00000,124.00000,114.00000,167.00000,679.00000,154.00000,64.00000,limon sableux
222,TRE,7.69366,2.26729,839.00000,429.00000,253.00000,110.00000,255.00000,112.00000,116.00000,164.00000,680.00000,156.00000,64.00000,limon sableux
223,DASSA I,7.77108,2.19692,799.00000,369.00000,205.00000,112.00000,255.00000,0.00000,0.00000,0.00000,0.00000,0.00000,0.00000,Non classé
224,DASSA II,7.78673,2.18429,1073.00000,340.00000,280.00000,121.00000,255.00000,0.00000,0.00000,0.00000,0.00000,0.00000,0.00000,Non classé
225,AKLAMPA,8.2181248,2.1867861,896.00000,391.00000,202.00000,104.00000,255.00000,0.00000,0.00000,0.00000,0.00000,0.00000,0.00000,Non classé
226,ASSANTE,8.1373681,2.2536882,769.00000,414.00000,158.00000,122.00000,255.00000,143.00000,118.00000,176.00000,621.00000,203.00000,62.00000,limon argilo-sableux
227,GOME,7.2052973,1.8985724,575.00000,435.00000,231.00000,118.00000,255.00000,120.00000,176.00000,201.00000,598.00000,201.00000,61.00000,limon argilo-sableux
228,KPAKPAZA,9.30769,2.315834,522.00000,402.00000,180.00000,132.00000,255.00000,102.00000,122.00000,241.00000,564.00000,196.00000,62.00000,limon sableux
229,MAGOUMI,9.30769,2.315834,522.00000,402.00000,180.00000,132.00000,255.00000,102.00000,122.00000,241.00000,564.00000,196.00000,62.00000,limon sableux
230,OUEDEME,6.4852734,1.9453542,1119.00000,388.00000,295.00000,189.00000,255.00000,129.00000,172.00000,156.00000,652.00000,192.00000,58.00000,limon sableux
231,SOKPONTA,7.8669792,2.2351682,661.00000,360.00000,165.00000,114.00000,255.00000,126.00000,116.00000,182.00000,673.00000,145.00000,63.00000,
232,THIO,8.30223,2.30245,1070.00000,399.00000,203.00000,102.00000,255.00000,125.00000,158.00000,225.00000,580.00000,195.00000,63.00000,limon sableux
233,ZAFFE,8.16843,2.23204,748.00000,340.00000,214.00000,113.00000,255.00000,130.00000,101.00000,209.00000,628.00000,163.00000,62.00000,limon sableux
234,GLAZOUE,7.9736782,2.2445791,704.00000,418.00000,191.00000,120.00000,255.00000,120.00000,103.00000,182.00000,672.00000,146.00000,62.00000,
235,CHALLA-OGOI,8.4017899,2.5904736,859.00000,375.00000,171.00000,107.00000,255.00000,0.00000,0.00000,0.00000,0.00000,0.00000,0.00000,Non classé
236,DJEGBE,8.3027076,2.4088678,647.00000,343.00000,165.00000,100.00000,255.00000,0.00000,0.00000,0.00000,0.00000,0.00000,0.00000,Non classé
237,GBANLIN,8.5012915,2.375308,613.00000,357.00000,150.00000,103.00000,255.00000,138.00000,135.00000,254.00000,549.00000,197.00000,61.00000,limon sableux
238,IKEMON,8.59392,2.55199,581.00000,288.00000,151.00000,96.00000,255.00000,0.00000,0.00000,0.00000,0.00000,0.00000,0.00000,Non classé
239,KILIBO,8.5716312,2.6015635,574.00000,381.00000,154.00000,99.00000,255.00000,123.00000,113.00000,186.00000,648.00000,167.00000,62.00000,limon sableux
240,LAMINOU,8.491091,2.4185212,743.00000,334.00000,197.00000,125.00000,255.00000,0.00000,0.00000,0.00000,0.00000,0.00000,0.00000,Non classé
241,ODOUGBA,8.4974689,2.4098448,769.00000,374.00000,182.00000,109.00000,255.00000,147.00000,140.00000,225.00000,586.00000,190.00000,62.00000,limon sableux
242,TOUI,8.681564,2.5916443,650.00000,372.00000,183.00000,108.00000,255.00000,0.00000,0.00000,0.00000,0.00000,0.00000,0.00000,Non classé
243,OUESSE,8.4959624,2.4233417,693.00000,368.00000,200.00000,113.00000,255.00000,0.00000,0.00000,0.00000,0.00000,0.00000,0.00000,Non classé
244,DJALLOUKOU,7.7384873,1.7782324,722.00000,471.00000,186.00000,114.00000,255.00000,134.00000,168.00000,195.00000,598.00000,208.00000,63.00000,limon argilo-sableux
245,DOUME,8.0187127,1.6444975,794.00000,377.00000,152.00000,95.00000,255.00000,0.00000,0.00000,0.00000,0.00000,0.00000,0.00000,Non classé
246,GOBADA,7.7694321,2.0125827,632.00000,341.00000,231.00000,89.00000,255.00000,109.00000,141.00000,193.00000,669.00000,138.00000,64.00000,
247,KPATABA,7.9313532,1.9685393,1191.00000,481.00000,276.00000,119.00000,255.00000,108.00000,171.00000,174.00000,660.00000,166.00000,65.00000,limon sableux
248,LAHOTAN,7.9996058,2.074987,789.00000,390.00000,169.00000,108.00000,255.00000,0.00000,0.00000,0.00000,0.00000,0.00000,0.00000,Non classé
249,LEMA,7.86813,1.88244,861.00000,557.00000,233.00000,130.00000,255.00000,130.00000,116.00000,163.00000,664.00000,173.00000,65.00000,limon sableux
250,LOGOZOHE,7.8681904,2.1217041,1217.00000,388.00000,162.00000,114.00000,255.00000,121.00000,100.00000,167.00000,680.00000,153.00000,64.00000,limon sableux
251,MONKPA,7.86813,1.88244,861.00000,557.00000,233.00000,130.00000,255.00000,130.00000,116.00000,163.00000,664.00000,173.00000,65.00000,limon sableux
252,OTTOLA,8.15,1.65,913.00000,443.00000,161.00000,109.00000,255.00000,140.00000,147.00000,208.00000,527.00000,265.00000,61.00000,limon argilo-sableux
253,OUESSE,8.4959624,2.4233417,693.00000,368.00000,200.00000,113.00000,255.00000,0.00000,0.00000,0.00000,0.00000,0.00000,0.00000,Non classé
254,TCHETTI,7.828095,1.6639235,920.00000,355.00000,169.00000,109.00000,255.00000,0.00000,0.00000,0.00000,0.00000,0.00000,0.00000,Non classé
255,SAVALOU-AGA,7.8510894,1.897212,1052.00000,608.00000,261.00000,141.00000,255.00000,130.00000,132.00000,217.00000,609.00000,174.00000,65.00000,limon sableux
256,SAVALOU-AGBADO,7.7384873,1.7782324,722.00000,471.00000,186.00000,114.00000,255.00000,134.00000,168.00000,195.00000,598.00000,208.00000,63.00000,limon argilo-sableux
257,SAVALOU-ATTAKE,7.828095,1.6639235,920.00000,355.00000,169.00000,109.00000,255.00000,0.00000,0.00000,0.00000,0.00000,0.00000,0.00000,Non classé
258,BESSE,7.93909,2.54632,1027.00000,575.00000,239.00000,139.00000,255.00000,141.00000,152.00000,222.00000,626.00000,152.00000,64.00000,limon sableux
259,KABOUA,8.2417614,2.6896696,921.00000,326.00000,260.00000,121.00000,255.00000,0.00000,0.00000,0.00000,0.00000,0.00000,0.00000,Non classé
260,OFFE,7.99368,2.54548,1116.00000,356.00000,270.00000,111.00000,255.00000,121.00000,213.00000,161.00000,688.00000,151.00000,63.00000,limon sableux
261,OKPARA,7.720771,2.481566,949.00000,414.00000,409.00000,119.00000,255.00000,128.00000,177.00000,230.00000,577.00000,193.00000,63.00000,limon sableux
262,SAKIN,7.99368,2.54548,1116.00000,356.00000,270.00000,111.00000,255.00000,121.00000,213.00000,161.00000,688.00000,151.00000,63.00000,limon sableux
263,ADIDO,8.75,2.6,470.00000,353.00000,180.00000,111.00000,255.00000,105.00000,105.00000,186.00000,609.00000,205.00000,61.00000,limon argilo-sableux
264,BONI,7.99368,2.54548,1116.00000,356.00000,270.00000,111.00000,255.00000,121.00000,213.00000,161.00000,688.00000,151.00000,63.00000,limon sableux
265,PLATEAU,7.3445141,2.539603,1083.00000,368.00000,436.00000,149.00000,255.00000,136.00000,218.00000,159.00000,698.00000,143.00000,69.00000,
266,ATOMEY,7.2309912,1.6408984,639.00000,325.00000,283.00000,146.00000,255.00000,138.00000,157.00000,134.00000,682.00000,184.00000,64.00000,limon sableux
267,AZOVE,6.9473986,1.7028015,2349.00000,644.00000,833.00000,117.00000,255.00000,0.00000,0.00000,0.00000,0.00000,0.00000,0.00000,Non classé
268,DEKPO,7.18187,1.70238,864.00000,450.00000,228.00000,121.00000,255.00000,142.00000,243.00000,177.00000,641.00000,181.00000,63.00000,limon sableux
269,GODOHOU,7.2309912,1.6408984,639.00000,325.00000,283.00000,146.00000,255.00000,138.00000,157.00000,134.00000,682.00000,184.00000,64.00000,limon sableux
270,KISSAMEY,6.9932359,1.7286995,1053.00000,539.00000,191.00000,123.00000,255.00000,118.00000,230.00000,116.00000,737.00000,147.00000,62.00000,sable limoneux
271,LONKLY,7.1404905,1.6652748,849.00000,398.00000,256.00000,134.00000,255.00000,138.00000,182.00000,136.00000,637.00000,227.00000,63.00000,limon argilo-sableux
272,APLAHOUE,6.9421349,1.6736397,1035.00000,578.00000,182.00000,112.00000,255.00000,127.00000,239.00000,85.00000,748.00000,167.00000,62.00000,limon sableux
273,ADJINTIMEY,6.818265,1.673222,796.00000,523.00000,209.00000,119.00000,255.00000,117.00000,205.00000,92.00000,741.00000,167.00000,58.00000,limon sableux
274,BETOUMEY,6.935124,1.7227378,2019.00000,609.00000,219.00000,136.00000,255.00000,128.00000,272.00000,84.00000,738.00000,178.00000,61.00000,limon sableux
275,GOHOMEY,6.3568273,2.4010974,1586.00000,675.00000,495.00000,131.00000,255.00000,0.00000,0.00000,0.00000,0.00000,0.00000,0.00000,Non classé
276,HOUEGAMEY,6.3539207,2.393446,1127.00000,604.00000,332.00000,189.00000,255.00000,0.00000,0.00000,0.00000,0.00000,0.00000,0.00000,Non classé
277,KINKINHOUE,6.9153714,1.7184712,1928.00000,625.00000,241.00000,131.00000,255.00000,148.00000,226.00000,99.00000,692.00000,209.00000,62.00000,limon argilo-sableux
278,KOKOHOUE,6.3702928,2.3912362,1510.00000,617.00000,398.00000,148.00000,255.00000,0.00000,0.00000,0.00000,0.00000,0.00000,0.00000,Non classé
279,KPOBA,10.4735315,1.6387079,427.00000,444.00000,227.00000,131.00000,255.00000,112.00000,107.00000,204.00000,619.00000,177.00000,60.00000,limon sableux
280,SOKOUHOUE,9.9179154,1.808677,561.00000,710.00000,188.00000,114.00000,255.00000,96.00000,140.00000,173.00000,674.00000,152.00000,60.00000,limon sableux
281,DJAKOTOMEY I,6.8964579,1.6955092,919.00000,696.00000,220.00000,119.00000,255.00000,99.00000,324.00000,63.00000,787.00000,150.00000,62.00000,sable limoneux
282,DJAKOTOMEY II,6.8964579,1.6955092,919.00000,696.00000,220.00000,119.00000,255.00000,99.00000,324.00000,63.00000,787.00000,150.00000,62.00000,sable limoneux
283,AYOMI,6.8,1.783,992.00000,625.00000,244.00000,111.00000,255.00000,142.00000,226.00000,142.00000,659.00000,198.00000,60.00000,limon sableux
284,DEVE,6.7639588,1.6675668,874.00000,416.00000,273.00000,108.00000,255.00000,0.00000,0.00000,0.00000,0.00000,0.00000,0.00000,Non classé
285,HONTON,6.7335286,1.757293,718.00000,604.00000,201.00000,121.00000,255.00000,187.00000,186.00000,116.00000,694.00000,191.00000,61.00000,limon sableux
286,LOKOGOHOUE,6.7659985,1.8257734,1125.00000,424.00000,354.00000,138.00000,255.00000,261.00000,190.00000,208.00000,486.00000,306.00000,62.00000,limon argilo-sableux
287,MADJRE,6.8254277,1.8476129,829.00000,382.00000,299.00000,122.00000,255.00000,150.00000,236.00000,159.00000,611.00000,230.00000,60.00000,limon argilo-sableux
288,TOTCHANGNI,6.8,1.783,992.00000,625.00000,244.00000,111.00000,255.00000,142.00000,226.00000,142.00000,659.00000,198.00000,60.00000,limon sableux
289,TOTA,6.8050227,1.7879685,714.00000,587.00000,216.00000,103.00000,255.00000,0.00000,0.00000,0.00000,0.00000,0.00000,0.00000,Non classé
290,ADJANHONME,6.4655518,2.2820979,913.00000,656.00000,305.00000,167.00000,255.00000,121.00000,223.00000,107.00000,719.00000,174.00000,60.00000,limon sableux
291,AHOGBEYA,6.4503024,2.3468195,1606.00000,627.00000,1030.00000,158.00000,255.00000,0.00000,0.00000,0.00000,0.00000,0.00000,0.00000,Non classé
292,AYAHOHOUE,6.9719132,1.8209718,1291.00000,609.00000,185.00000,114.00000,255.00000,123.00000,246.00000,103.00000,712.00000,184.00000,62.00000,limon sableux
293,DJOTTO,7.06177,1.83675,1533.00000,597.00000,271.00000,133.00000,255.00000,122.00000,173.00000,110.00000,719.00000,172.00000,63.00000,limon sableux
294,HONDJIN,7.0461241,1.8708613,1256.00000,584.00000,270.00000,129.00000,255.00000,134.00000,158.00000,147.00000,676.00000,177.00000,63.00000,limon sableux
295,LANTA,7.1039406,1.8672009,641.00000,417.00000,337.00000,135.00000,255.00000,153.00000,190.00000,211.00000,522.00000,266.00000,62.00000,limon argilo-sableux
296,TCHIKPE,6.3553861,2.4025846,1245.00000,671.00000,472.00000,119.00000,255.00000,0.00000,0.00000,0.00000,0.00000,0.00000,0.00000,Non classé
297,KLOUEKANME,7.0461241,1.8708613,1256.00000,584.00000,270.00000,129.00000,255.00000,134.00000,158.00000,147.00000,676.00000,177.00000,63.00000,limon sableux
298,ADOUKANDJI,6.8673,1.9788,1491.00000,408.00000,755.00000,153.00000,255.00000,221.00000,209.00000,226.00000,306.00000,467.00000,64.00000,
299,AHODJINNAKO,6.86733,1.9788,1491.00000,408.00000,755.00000,153.00000,255.00000,221.00000,209.00000,226.00000,306.00000,467.00000,64.00000,
300,AHOMADEGBE,6.833333,2,1307.00000,474.00000,693.00000,182.00000,255.00000,279.00000,330.00000,240.00000,322.00000,438.00000,62.00000,
301,BANIGBE,6.8988423,2.6499501,1163.00000,560.00000,177.00000,107.00000,255.00000,130.00000,223.00000,98.00000,734.00000,168.00000,62.00000,limon sableux
302,GNIZOUNME,6.8673,1.9788,1491.00000,408.00000,755.00000,153.00000,255.00000,221.00000,209.00000,226.00000,306.00000,467.00000,64.00000,
303,HLASSAME,6.8673,1.9788,1491.00000,408.00000,755.00000,153.00000,255.00000,221.00000,209.00000,226.00000,306.00000,467.00000,64.00000,
304,LOKOGBA,6.4446633,2.3525317,1786.00000,601.00000,417.00000,188.00000,255.00000,0.00000,0.00000,0.00000,0.00000,0.00000,0.00000,Non classé
305,TCHITO,6.9171338,2.0364735,1092.00000,355.00000,668.00000,131.00000,255.00000,355.00000,192.00000,239.00000,241.00000,521.00000,64.00000,
306,TOHOU,6.86733,1.9788,1491.00000,408.00000,755.00000,153.00000,255.00000,221.00000,209.00000,226.00000,306.00000,467.00000,64.00000,
307,ZALLI,6.86733,1.9788,1491.00000,408.00000,755.00000,153.00000,255.00000,221.00000,209.00000,226.00000,306.00000,467.00000,64.00000,
308,LALO,6.8954168,1.9685826,1260.00000,400.00000,508.00000,135.00000,255.00000,277.00000,214.00000,254.00000,353.00000,393.00000,63.00000,limon argileux fin
309,ADJIDO,6.88387,1.81726,1039.00000,416.00000,204.00000,126.00000,255.00000,133.00000,230.00000,117.00000,695.00000,188.00000,61.00000,limon sableux
310,AVEDJIN,6.8839,1.8173,1039.00000,416.00000,204.00000,126.00000,255.00000,133.00000,230.00000,117.00000,695.00000,188.00000,61.00000,limon sableux
311,DOKO,6.8839,1.8173,1039.00000,416.00000,204.00000,126.00000,255.00000,133.00000,230.00000,117.00000,695.00000,188.00000,61.00000,limon sableux
312,HOUEDOGLI,6.9503517,1.7813101,1630.00000,641.00000,293.00000,132.00000,255.00000,125.00000,255.00000,124.00000,663.00000,212.00000,62.00000,limon argilo-sableux
313,MISSINKO,6.88387,1.81726,1039.00000,416.00000,204.00000,126.00000,255.00000,133.00000,230.00000,117.00000,695.00000,188.00000,61.00000,limon sableux
314,TANNOU GOLA,6.87562,1.78356,1175.00000,589.00000,246.00000,120.00000,255.00000,176.00000,200.00000,200.00000,590.00000,210.00000,62.00000,limon argilo-sableux
315,TOVIKLIN,6.9390918,1.7733566,1726.00000,603.00000,294.00000,135.00000,255.00000,143.00000,256.00000,109.00000,680.00000,211.00000,63.00000,limon argilo-sableux
316,ALEDJO,9.3449817,1.4410527,591.00000,727.00000,168.00000,108.00000,255.00000,134.00000,115.00000,197.00000,596.00000,207.00000,60.00000,limon argilo-sableux
317,MANIGRI,8.9744928,1.7221304,581.00000,605.00000,154.00000,104.00000,255.00000,0.00000,0.00000,0.00000,0.00000,0.00000,0.00000,Non classé
318,PENESSOULOU,9.2391977,1.5523435,435.00000,753.00000,176.00000,104.00000,255.00000,0.00000,0.00000,0.00000,0.00000,0.00000,0.00000,Non classé
319,BASSILA,9.006393,1.6639235,644.00000,608.00000,169.00000,104.00000,255.00000,0.00000,0.00000,0.00000,0.00000,0.00000,0.00000,Non classé
320,ANANDANA,9.30769,2.315834,550.00000,403.00000,186.00000,145.00000,255.00000,104.00000,99.00000,255.00000,567.00000,179.00000,62.00000,limon sableux
321,PABEGOU,9.7916215,1.5726407,440.00000,604.00000,190.00000,126.00000,255.00000,95.00000,108.00000,192.00000,659.00000,148.00000,59.00000,
322,SINGRE,9.89594,1.5547,532.00000,522.00000,203.00000,121.00000,255.00000,89.00000,160.00000,164.00000,677.00000,159.00000,60.00000,limon sableux
323,COPARGO,9.8396668,1.5474988,488.00000,605.00000,199.00000,130.00000,255.00000,0.00000,0.00000,0.00000,0.00000,0.00000,0.00000,Non classé
324,BAREI,9.683333,1.566667,458.00000,630.00000,176.00000,122.00000,255.00000,105.00000,121.00000,166.00000,680.00000,154.00000,59.00000,limon sableux
325,BARIENOU,9.706965,1.6661906,703.00000,718.00000,267.00000,119.00000,255.00000,0.00000,0.00000,0.00000,0.00000,0.00000,0.00000,Non classé
326,BELLEFOUNGOU,6.4655518,2.2820979,960.00000,645.00000,314.00000,153.00000,255.00000,118.00000,221.00000,101.00000,736.00000,164.00000,60.00000,limon sableux
327,BOUGOU,9.4365276,1.6207618,511.00000,578.00000,187.00000,110.00000,255.00000,0.00000,0.00000,0.00000,0.00000,0.00000,0.00000,Non classé
328,KOLOKONDE,9.8901542,1.7794443,539.00000,475.00000,199.00000,124.00000,255.00000,100.00000,127.00000,287.00000,504.00000,209.00000,60.00000,limon
329,ONKLOU,9.5019649,1.9844827,473.00000,643.00000,234.00000,135.00000,255.00000,106.00000,127.00000,185.00000,636.00000,179.00000,62.00000,limon sableux
330,PARTAGO,9.5371261,1.9074814,500.00000,649.00000,187.00000,143.00000,255.00000,68.00000,119.00000,183.00000,663.00000,154.00000,61.00000,limon sableux
331,PELEBINA,9.5437678,1.5468932,448.00000,584.00000,202.00000,136.00000,255.00000,97.00000,109.00000,222.00000,615.00000,163.00000,59.00000,limon sableux
332,SEROU,9.66667,1.7,489.00000,732.00000,211.00000,139.00000,255.00000,93.00000,106.00000,162.00000,672.00000,165.00000,58.00000,limon sableux
333,DJOUGOU I,9.7080916,1.6663523,785.00000,655.00000,351.00000,115.00000,255.00000,0.00000,0.00000,0.00000,0.00000,0.00000,0.00000,Non classé
334,DJOUGOU II,9.7080916,1.6663523,785.00000,655.00000,351.00000,115.00000,255.00000,0.00000,0.00000,0.00000,0.00000,0.00000,0.00000,Non classé
335,DJOUGOU III,9.7080916,1.6663523,785.00000,655.00000,351.00000,115.00000,255.00000,0.00000,0.00000,0.00000,0.00000,0.00000,0.00000,Non classé
336,BAJOUDE,9.7036661,1.4096535,597.00000,603.00000,219.00000,117.00000,255.00000,121.00000,129.00000,188.00000,624.00000,188.00000,60.00000,limon sableux
337,KOMDE,9.62676,1.45147,417.00000,561.00000,213.00000,118.00000,255.00000,105.00000,116.00000,189.00000,651.00000,160.00000,61.00000,limon sableux
338,SEMERE I,9.6268,1.4515,417.00000,561.00000,213.00000,118.00000,255.00000,105.00000,116.00000,189.00000,651.00000,160.00000,61.00000,limon sableux
339,SEMERE II,9.6268,1.4515,417.00000,561.00000,213.00000,118.00000,255.00000,105.00000,116.00000,189.00000,651.00000,160.00000,61.00000,limon sableux
340,TCHALINGA,9.8075469,1.3957728,462.00000,575.00000,187.00000,114.00000,255.00000,142.00000,198.00000,206.00000,604.00000,190.00000,63.00000,limon sableux
341,OUAKE,9.6633785,1.3867226,425.00000,611.00000,198.00000,131.00000,255.00000,130.00000,172.00000,183.00000,620.00000,197.00000,62.00000,limon sableux
342,1ER ARRONDISSEMENT,6.36199,2.42608,2037.00000,810.00000,620.00000,169.00000,255.00000,0.00000,0.00000,0.00000,0.00000,0.00000,0.00000,Non classé
343,2EME ARRONDISSEMENT,6.370235,2.427778,2759.00000,690.00000,570.00000,161.00000,255.00000,0.00000,0.00000,0.00000,0.00000,0.00000,0.00000,Non classé
344,3EME ARRONDISSEMENT,6.370235,2.427778,2759.00000,690.00000,570.00000,161.00000,255.00000,0.00000,0.00000,0.00000,0.00000,0.00000,0.00000,Non classé
345,4EME ARRONDISSEMENT,6.3698338,2.4456632,1889.00000,1000.00000,473.00000,164.00000,255.00000,0.00000,0.00000,0.00000,0.00000,0.00000,0.00000,Non classé
346,5EME ARRONDISSEMENT,6.36199,2.42608,2037.00000,810.00000,620.00000,169.00000,255.00000,0.00000,0.00000,0.00000,0.00000,0.00000,0.00000,Non classé
347,6EME ARRONDISSEMENT,6.370235,2.427778,2759.00000,690.00000,570.00000,161.00000,255.00000,0.00000,0.00000,0.00000,0.00000,0.00000,0.00000,Non classé
348,7EME ARRONDISSEMENT,6.3681533,2.4260014,2147.00000,745.00000,544.00000,204.00000,255.00000,0.00000,0.00000,0.00000,0.00000,0.00000,0.00000,Non classé
349,8EME ARRONDISSEMENT,6.370235,2.427778,2759.00000,690.00000,570.00000,161.00000,255.00000,0.00000,0.00000,0.00000,0.00000,0.00000,0.00000,Non classé
350,9EME ARRONDISSEMENT,6.370235,2.427778,2759.00000,690.00000,570.00000,161.00000,255.00000,0.00000,0.00000,0.00000,0.00000,0.00000,0.00000,Non classé
351,10EME ARRONDISSEMENT,6.3862675,2.3843655,2202.00000,613.00000,478.00000,126.00000,255.00000,0.00000,0.00000,0.00000,0.00000,0.00000,0.00000,Non classé
352,11EME ARRONDISSEMENT,6.3647177,2.4116334,2015.00000,723.00000,607.00000,231.00000,255.00000,0.00000,0.00000,0.00000,0.00000,0.00000,0.00000,Non classé
353,12EME ARRONDISSEMENT,6.3557688,2.4069376,1129.00000,637.00000,429.00000,122.00000,255.00000,0.00000,0.00000,0.00000,0.00000,0.00000,0.00000,Non classé
354,13EME ARRONDISSEMENT,6.3656067,2.3858847,1357.00000,602.00000,422.00000,140.00000,255.00000,0.00000,0.00000,0.00000,0.00000,0.00000,0.00000,Non classé
355,ADOHOUN,6.7002663,2.4999918,733.00000,382.00000,164.00000,160.00000,255.00000,98.00000,186.00000,115.00000,734.00000,151.00000,62.00000,limon sableux
356,ATCHANNOU,6.59966,1.74079,1164.00000,399.00000,442.00000,203.00000,255.00000,196.00000,236.00000,209.00000,527.00000,264.00000,58.00000,limon argilo-sableux
357,DEDEKPOE,6.6241267,1.6206668,1171.00000,508.00000,494.00000,205.00000,255.00000,181.00000,192.00000,246.00000,431.00000,323.00000,60.00000,limon argileux fin
358,KPINNOU,6.578345,1.7786866,1078.00000,405.00000,539.00000,165.00000,255.00000,270.00000,214.00000,239.00000,432.00000,329.00000,60.00000,limon argileux fin
359,ATHIEME,6.5915435,1.6809283,1094.00000,485.00000,469.00000,237.00000,255.00000,210.00000,268.00000,283.00000,450.00000,267.00000,60.00000,limon
360,AGBODJI,6.6452479,1.979923,1396.00000,463.00000,298.00000,181.00000,255.00000,213.00000,187.00000,149.00000,560.00000,291.00000,60.00000,limon argilo-sableux
361,BADAZOUIN,6.619444,1.923333,1301.00000,632.00000,253.00000,113.00000,255.00000,161.00000,187.00000,110.00000,717.00000,173.00000,60.00000,limon sableux
362,GBAKPODJI,6.666667,1.866667,1143.00000,445.00000,589.00000,191.00000,255.00000,244.00000,192.00000,309.00000,290.00000,402.00000,58.00000,
363,LOBOGO,6.608611,1.9174864,1164.00000,617.00000,245.00000,129.00000,255.00000,164.00000,224.00000,124.00000,664.00000,212.00000,61.00000,limon argilo-sableux
364,POSSOTOME,6.5277149,1.9692577,1207.00000,376.00000,493.00000,215.00000,255.00000,155.00000,141.00000,189.00000,538.00000,272.00000,60.00000,limon argilo-sableux
365,YEGODOE,6.6193,1.9333,1315.00000,421.00000,266.00000,183.00000,255.00000,177.00000,220.00000,114.00000,689.00000,197.00000,62.00000,limon sableux
366,BOPA,6.7027469,1.949021,1162.00000,685.00000,450.00000,193.00000,255.00000,203.00000,290.00000,267.00000,383.00000,350.00000,57.00000,limon argileux fin
367,AGATOGBO,6.6607182,1.7538817,925.00000,455.00000,223.00000,192.00000,255.00000,203.00000,214.00000,222.00000,480.00000,299.00000,58.00000,limon argilo-sableux
368,AKODEHA,6.460058,1.922138,1078.00000,575.00000,302.00000,182.00000,255.00000,146.00000,170.00000,137.00000,623.00000,240.00000,59.00000,limon argilo-sableux
369,OUEDEME-PEDAH,6.4852734,1.9453542,1106.00000,382.00000,288.00000,177.00000,255.00000,129.00000,172.00000,156.00000,652.00000,192.00000,58.00000,limon sableux
370,OUMAKO,6.4365665,1.8411849,1278.00000,427.00000,278.00000,187.00000,255.00000,148.00000,206.00000,176.00000,601.00000,223.00000,60.00000,limon argilo-sableux
371,COME,6.4096168,1.8855057,1499.00000,754.00000,387.00000,139.00000,255.00000,0.00000,0.00000,0.00000,0.00000,0.00000,0.00000,Non classé
372,ADJAHA,6.316667,1.833333,1406.00000,540.00000,414.00000,157.00000,255.00000,143.00000,295.00000,211.00000,527.00000,262.00000,59.00000,limon argilo-sableux
373,AGOUE,6.2470759,1.6695688,1291.00000,667.00000,396.00000,170.00000,255.00000,0.00000,0.00000,0.00000,0.00000,0.00000,0.00000,Non classé
374,AVLO,6.288643,1.890426,1811.00000,597.00000,688.00000,153.00000,255.00000,260.00000,332.00000,252.00000,326.00000,422.00000,57.00000,
375,DJANGLANMEY,6.4134808,1.8137741,1207.00000,444.00000,448.00000,220.00000,255.00000,191.00000,214.00000,299.00000,398.00000,303.00000,57.00000,limon argileux fin
376,GBEHOUE,6.3449149,1.8407179,1291.00000,582.00000,494.00000,211.00000,255.00000,166.00000,246.00000,200.00000,523.00000,277.00000,56.00000,limon argilo-sableux
377,SAZUE,6.4626529,1.7956208,1620.00000,486.00000,417.00000,211.00000,255.00000,208.00000,241.00000,278.00000,415.00000,307.00000,58.00000,limon argileux fin
378,GRAND-POPO,6.2639324,1.7417143,1090.00000,783.00000,358.00000,168.00000,255.00000,169.00000,298.00000,214.00000,488.00000,299.00000,59.00000,limon argilo-sableux
379,DAHE,6.5321911,1.8708613,1184.00000,662.00000,225.00000,125.00000,255.00000,195.00000,265.00000,169.00000,600.00000,231.00000,59.00000,limon argilo-sableux
380,DOUTOU,6.5492423,1.8833132,1959.00000,678.00000,207.00000,120.00000,255.00000,152.00000,246.00000,113.00000,664.00000,224.00000,60.00000,limon argilo-sableux
381,HONHOUE,6.5321911,1.8708613,1184.00000,662.00000,225.00000,125.00000,255.00000,195.00000,265.00000,169.00000,600.00000,231.00000,59.00000,limon argilo-sableux
382,ZOUNGBONOU,6.5625043,1.8182564,1118.00000,589.00000,231.00000,126.00000,255.00000,175.00000,182.00000,139.00000,657.00000,204.00000,62.00000,limon argilo-sableux
383,HOUEYOGBE,6.5321911,1.8708613,1184.00000,662.00000,225.00000,125.00000,255.00000,195.00000,265.00000,169.00000,600.00000,231.00000,59.00000,limon argilo-sableux
384,SE,6.66072,1.75388,925.00000,455.00000,223.00000,192.00000,255.00000,203.00000,214.00000,222.00000,480.00000,299.00000,58.00000,limon argilo-sableux
385,AGAME,6.63,1.716,1185.00000,525.00000,230.00000,152.00000,255.00000,0.00000,0.00000,0.00000,0.00000,0.00000,0.00000,Non classé
386,HOUIN,6.63,1.716,1185.00000,525.00000,230.00000,152.00000,255.00000,0.00000,0.00000,0.00000,0.00000,0.00000,0.00000,Non classé
387,KOUDO,6.63,1.716,1185.00000,525.00000,230.00000,152.00000,255.00000,0.00000,0.00000,0.00000,0.00000,0.00000,0.00000,Non classé
388,OUEDEME-ADJA,6.4852734,1.9453542,1106.00000,382.00000,288.00000,177.00000,255.00000,129.00000,172.00000,156.00000,652.00000,192.00000,58.00000,limon sableux
389,LOKOSSA,6.6448093,1.7198215,963.00000,514.00000,210.00000,163.00000,255.00000,0.00000,0.00000,0.00000,0.00000,0.00000,0.00000,Non classé
390,AGLOGBE,6.4779779,2.6757094,744.00000,385.00000,297.00000,109.00000,255.00000,121.00000,491.00000,101.00000,686.00000,213.00000,59.00000,limon argilo-sableux
391,HONVIE,6.5179906,2.6538192,787.00000,464.00000,255.00000,162.00000,255.00000,144.00000,272.00000,127.00000,677.00000,196.00000,59.00000,limon sableux
392,MALANHOUI,6.3702928,2.3912362,1700.00000,589.00000,465.00000,147.00000,255.00000,0.00000,0.00000,0.00000,0.00000,0.00000,0.00000,Non classé
393,MEDEDJONOU,6.5001649,2.6976921,1082.00000,468.00000,246.00000,149.00000,255.00000,128.00000,244.00000,91.00000,718.00000,192.00000,58.00000,limon sableux
394,ADJARRA I,6.5233156,2.6636066,658.00000,484.00000,262.00000,178.00000,255.00000,157.00000,320.00000,111.00000,703.00000,186.00000,58.00000,limon sableux
395,ADJARRA II,6.5233156,2.6636066,658.00000,484.00000,262.00000,178.00000,255.00000,157.00000,320.00000,111.00000,703.00000,186.00000,58.00000,limon sableux
396,AKPADANOU,6.7680031,2.4785481,598.00000,361.00000,264.00000,159.00000,255.00000,195.00000,331.00000,168.00000,591.00000,240.00000,59.00000,limon argilo-sableux
397,AWONOU,6.6944,2.5075,681.00000,533.00000,219.00000,99.00000,255.00000,99.00000,203.00000,73.00000,778.00000,149.00000,61.00000,sable limoneux
398,AZONWLISSE,6.69438,2.5075,681.00000,533.00000,219.00000,99.00000,255.00000,99.00000,203.00000,73.00000,778.00000,149.00000,61.00000,sable limoneux
399,DEME,6.3611624,2.4620227,1826.00000,823.00000,320.00000,123.00000,255.00000,0.00000,0.00000,0.00000,0.00000,0.00000,0.00000,Non classé
400,GANGBAN,6.69438,2.5075,681.00000,533.00000,219.00000,99.00000,255.00000,99.00000,203.00000,73.00000,778.00000,149.00000,61.00000,sable limoneux
401,KODE,6.6148152,2.4999918,1068.00000,478.00000,676.00000,248.00000,255.00000,239.00000,353.00000,305.00000,151.00000,544.00000,55.00000,
402,TOGBOTA,6.6927392,2.435,876.00000,498.00000,514.00000,189.00000,255.00000,202.00000,346.00000,366.00000,211.00000,423.00000,55.00000,
403,ADJOHOUN,6.7002663,2.4999918,733.00000,382.00000,164.00000,160.00000,255.00000,98.00000,186.00000,115.00000,734.00000,151.00000,62.00000,limon sableux
404,AVAGBODJI,6.6452479,1.979923,1396.00000,463.00000,298.00000,181.00000,255.00000,213.00000,187.00000,149.00000,560.00000,291.00000,60.00000,limon argilo-sableux
405,HOUEDOME,6.483333,2.533333,1285.00000,531.00000,446.00000,158.00000,255.00000,293.00000,415.00000,354.00000,96.00000,551.00000,56.00000,
406,ZOUNGAME,6.6148152,2.4999918,1068.00000,478.00000,676.00000,248.00000,255.00000,239.00000,353.00000,305.00000,151.00000,544.00000,55.00000,
407,GOME-SOTA,6.5940076,2.588607,842.00000,637.00000,218.00000,89.00000,255.00000,130.00000,187.00000,204.00000,578.00000,218.00000,60.00000,limon argilo-sableux
408,KATAGON,6.633333,2.6,927.00000,548.00000,207.00000,95.00000,255.00000,103.00000,196.00000,136.00000,687.00000,177.00000,61.00000,limon sableux
409,VAKON,6.536013,2.579916,874.00000,458.00000,222.00000,174.00000,255.00000,103.00000,200.00000,103.00000,685.00000,213.00000,58.00000,limon argilo-sableux
410,ZOUNGBOME,6.6148152,2.4999918,1068.00000,478.00000,676.00000,248.00000,255.00000,239.00000,353.00000,305.00000,151.00000,544.00000,55.00000,
411,AKPRO-MISSERETE,6.5663743,2.5842062,762.00000,577.00000,225.00000,119.00000,255.00000,97.00000,203.00000,186.00000,607.00000,207.00000,59.00000,limon argilo-sableux
412,ATCHOUKPA,6.4968574,2.6288523,1197.00000,457.00000,348.00000,122.00000,255.00000,0.00000,0.00000,0.00000,0.00000,0.00000,0.00000,Non classé
413,DJOMON,6.5773741,2.6343822,572.00000,620.00000,201.00000,105.00000,255.00000,100.00000,141.00000,116.00000,719.00000,165.00000,59.00000,limon sableux
414,GBOZOUME,6.583333,2.683333,966.00000,816.00000,251.00000,102.00000,255.00000,166.00000,335.00000,202.00000,510.00000,287.00000,56.00000,limon argilo-sableux
415,KOUTY,6.55424,2.66155,629.00000,657.00000,257.00000,113.00000,255.00000,104.00000,220.00000,100.00000,729.00000,172.00000,58.00000,limon sableux
416,OUANHO,6.5269095,2.6409107,772.00000,539.00000,199.00000,99.00000,255.00000,125.00000,356.00000,84.00000,717.00000,199.00000,58.00000,limon sableux
417,SADO,6.55424,2.66155,629.00000,657.00000,257.00000,113.00000,255.00000,104.00000,220.00000,100.00000,729.00000,172.00000,58.00000,limon sableux
418,AVRANKOU,6.5607071,2.6487087,619.00000,559.00000,197.00000,90.00000,255.00000,120.00000,197.00000,115.00000,689.00000,196.00000,58.00000,limon sableux
419,AFFAME,6.88621,2.48059,843.00000,620.00000,188.00000,161.00000,255.00000,143.00000,237.00000,98.00000,738.00000,164.00000,61.00000,limon sableux
420,ATCHONSA,6.8862,2.4806,843.00000,620.00000,188.00000,161.00000,255.00000,143.00000,237.00000,98.00000,738.00000,164.00000,61.00000,limon sableux
421,DAME-WOGON,6.9077493,2.4525531,950.00000,374.00000,308.00000,159.00000,255.00000,167.00000,225.00000,348.00000,313.00000,339.00000,62.00000,limon argileux fin
422,HOUNVIGUE,6.6148152,2.4999918,1068.00000,478.00000,676.00000,248.00000,255.00000,239.00000,353.00000,305.00000,151.00000,544.00000,55.00000,
423,BONOU,6.9077493,2.4525531,950.00000,374.00000,308.00000,159.00000,255.00000,167.00000,225.00000,348.00000,313.00000,339.00000,62.00000,limon argileux fin
424,DEKIN,6.5499851,2.4553621,1163.00000,409.00000,411.00000,202.00000,255.00000,167.00000,269.00000,433.00000,299.00000,269.00000,56.00000,limon
425,GBEKO,6.5535,2.5062,1080.00000,460.00000,577.00000,223.00000,255.00000,261.00000,407.00000,283.00000,139.00000,577.00000,56.00000,
426,HOUEDOMEY,6.5499851,2.4553621,1163.00000,409.00000,411.00000,202.00000,255.00000,167.00000,269.00000,433.00000,299.00000,269.00000,56.00000,limon
427,HOZIN,6.5340911,2.552368,802.00000,459.00000,334.00000,193.00000,255.00000,241.00000,296.00000,399.00000,267.00000,334.00000,57.00000,limon argileux fin
428,KESSOUNOU,6.5535,2.5062,1080.00000,460.00000,577.00000,223.00000,255.00000,261.00000,407.00000,283.00000,139.00000,577.00000,56.00000,
429,ZOUNGUE,6.5491534,2.6311847,920.00000,581.00000,230.00000,93.00000,255.00000,147.00000,219.00000,295.00000,487.00000,218.00000,56.00000,limon
430,DANGBO,6.5837193,2.5519637,674.00000,585.00000,213.00000,129.00000,255.00000,0.00000,0.00000,0.00000,0.00000,0.00000,0.00000,Non classé
431,1ER ARRONDISSEMENT,6.4675542,2.6313339,696.00000,355.00000,330.00000,109.00000,255.00000,0.00000,0.00000,0.00000,0.00000,0.00000,0.00000,Non classé
432,2EME ARRONDISSEMENT,6.4807507,2.6536742,883.00000,427.00000,266.00000,103.00000,255.00000,141.00000,566.00000,92.00000,662.00000,246.00000,59.00000,limon argilo-sableux
433,3EME ARRONDISSEMENT,6.4783056,2.6114849,912.00000,312.00000,274.00000,116.00000,255.00000,0.00000,0.00000,0.00000,0.00000,0.00000,0.00000,Non classé
434,4EME ARRONDISSEMENT,6.4706,2.6214,1218.00000,589.00000,338.00000,95.00000,255.00000,0.00000,0.00000,0.00000,0.00000,0.00000,0.00000,Non classé
435,5EME ARRONDISSEMENT,6.4706,2.6214,1218.00000,589.00000,338.00000,95.00000,255.00000,0.00000,0.00000,0.00000,0.00000,0.00000,0.00000,Non classé
436,AGBLANGANDAN,6.3750256,2.514842,1245.00000,729.00000,350.00000,216.00000,255.00000,0.00000,0.00000,0.00000,0.00000,0.00000,0.00000,Non classé
437,AHOLOUYEME,6.4305713,2.5767694,1073.00000,464.00000,405.00000,206.00000,255.00000,212.00000,285.00000,293.00000,458.00000,248.00000,56.00000,limon
438,DJEREGBE,6.4303711,2.6164463,839.00000,484.00000,321.00000,197.00000,255.00000,0.00000,0.00000,0.00000,0.00000,0.00000,0.00000,Non classé
439,EKPE,6.39348,2.5470339,1250.00000,509.00000,321.00000,205.00000,255.00000,0.00000,0.00000,0.00000,0.00000,0.00000,0.00000,Non classé
440,TOHOUE,6.39666,2.58526,775.00000,505.00000,309.00000,200.00000,255.00000,127.00000,380.00000,174.00000,676.00000,149.00000,55.00000,
441,SEME-PODJI,6.4224777,2.5990835,911.00000,453.00000,509.00000,228.00000,255.00000,257.00000,391.00000,288.00000,217.00000,495.00000,55.00000,
442,IKPINLE,7.01209,2.62769,1117.00000,564.00000,544.00000,138.00000,255.00000,229.00000,219.00000,230.00000,416.00000,354.00000,59.00000,limon argileux fin
443,KPOULOU,7.0121,2.6277,1117.00000,564.00000,544.00000,138.00000,255.00000,229.00000,219.00000,230.00000,416.00000,354.00000,59.00000,limon argileux fin
444,MASSE,7.157678,2.543475,870.00000,474.00000,470.00000,146.00000,255.00000,192.00000,236.00000,194.00000,473.00000,333.00000,66.00000,limon argilo-sableux
445,OKO-AKARE,7.01209,2.62769,1117.00000,564.00000,544.00000,138.00000,255.00000,229.00000,219.00000,230.00000,416.00000,354.00000,59.00000,limon argileux fin
446,TATONNONKON,6.3539233,2.3899333,1288.00000,588.00000,276.00000,182.00000,255.00000,0.00000,0.00000,0.00000,0.00000,0.00000,0.00000,Non classé
447,ADJA-OUERE,6.9568767,2.5792482,1031.00000,589.00000,262.00000,109.00000,255.00000,137.00000,251.00000,107.00000,682.00000,211.00000,62.00000,limon argilo-sableux
448,BANIGBE,6.8988423,2.6499501,1224.00000,550.00000,176.00000,105.00000,255.00000,130.00000,223.00000,98.00000,734.00000,168.00000,62.00000,limon sableux
449,DAAGBE,6.571785,2.6965229,580.00000,579.00000,219.00000,105.00000,255.00000,143.00000,315.00000,92.00000,696.00000,211.00000,57.00000,limon argilo-sableux
450,KO-KOUMOLOU,6.614832,2.696187,825.00000,544.00000,174.00000,120.00000,255.00000,144.00000,223.00000,134.00000,698.00000,168.00000,59.00000,limon sableux
451,LAGBE,6.683333,2.683333,946.00000,624.00000,173.00000,102.00000,255.00000,111.00000,190.00000,119.00000,676.00000,205.00000,61.00000,limon argilo-sableux
452,TCHAADA,6.5607071,2.6487086,619.00000,559.00000,197.00000,90.00000,255.00000,120.00000,197.00000,115.00000,689.00000,196.00000,58.00000,limon sableux
453,IFANGNI,6.677744,2.7182728,1065.00000,571.00000,246.00000,92.00000,255.00000,0.00000,0.00000,0.00000,0.00000,0.00000,0.00000,Non classé
454,ADAKPLAME,7.4739228,2.5792482,952.00000,606.00000,277.00000,148.00000,255.00000,139.00000,216.00000,141.00000,658.00000,201.00000,66.00000,limon argilo-sableux
455,IDIGNY,7.4839473,2.687967,1070.00000,379.00000,240.00000,117.00000,255.00000,148.00000,191.00000,117.00000,671.00000,212.00000,61.00000,limon argilo-sableux
456,KPANKOU,7.4159,2.6082,920.00000,357.00000,241.00000,132.00000,255.00000,140.00000,159.00000,154.00000,640.00000,206.00000,66.00000,limon argilo-sableux
457,ODOMETA,7.4159,2.6082,920.00000,357.00000,241.00000,132.00000,255.00000,140.00000,159.00000,154.00000,640.00000,206.00000,66.00000,limon argilo-sableux
458,OKPOMETA,7.4,2.65,1023.00000,408.00000,217.00000,110.00000,255.00000,128.00000,191.00000,139.00000,672.00000,189.00000,65.00000,limon sableux
459,KETOU,7.3603376,2.6040436,841.00000,302.00000,389.00000,136.00000,255.00000,0.00000,0.00000,0.00000,0.00000,0.00000,0.00000,Non classé
460,AHOYEYE,7.0664,2.6652,732.00000,483.00000,615.00000,140.00000,0.00000,287.00000,152.00000,340.00000,264.00000,397.00000,60.00000,limon argileux fin
461,IGANA,7.0380072,2.7059112,1067.00000,429.00000,454.00000,127.00000,255.00000,218.00000,149.00000,351.00000,258.00000,391.00000,60.00000,limon argileux fin
462,ISSABA,7.083333,2.616667,928.00000,470.00000,654.00000,132.00000,255.00000,296.00000,176.00000,299.00000,240.00000,461.00000,62.00000,
463,TOWE,7.0664,2.6652,732.00000,483.00000,615.00000,140.00000,0.00000,287.00000,152.00000,340.00000,264.00000,397.00000,60.00000,limon argileux fin
464,POBE,6.9832415,2.6636066,734.00000,675.00000,205.00000,126.00000,255.00000,0.00000,0.00000,0.00000,0.00000,0.00000,0.00000,Non classé
465,AGUIDI,6.7849926,2.6586401,1058.00000,655.00000,258.00000,133.00000,255.00000,102.00000,168.00000,87.00000,737.00000,176.00000,62.00000,limon sableux
466,ITA-DJEBOU,6.8257317,2.6041901,831.00000,531.00000,160.00000,102.00000,255.00000,122.00000,203.00000,110.00000,719.00000,172.00000,63.00000,limon sableux
467,TAKON,6.65,2.616667,754.00000,537.00000,235.00000,107.00000,255.00000,0.00000,0.00000,0.00000,0.00000,0.00000,0.00000,Non classé
468,YOKO,6.7,2.616667,583.00000,505.00000,247.00000,98.00000,255.00000,114.00000,155.00000,155.00000,685.00000,159.00000,63.00000,limon sableux
469,SAKETE I,6.7368274,2.6636066,770.00000,550.00000,256.00000,124.00000,255.00000,100.00000,142.00000,97.00000,695.00000,207.00000,62.00000,limon argilo-sableux
470,SAKETE II,6.7368274,2.6636066,770.00000,550.00000,256.00000,124.00000,255.00000,100.00000,142.00000,97.00000,695.00000,207.00000,62.00000,limon argilo-sableux
471,AGBOKPA,6.4655518,2.2820979,970.00000,653.00000,296.00000,152.00000,255.00000,129.00000,220.00000,101.00000,732.00000,168.00000,59.00000,limon sableux
472,DETOHOU,6.412395,2.3102784,1258.00000,402.00000,317.00000,234.00000,255.00000,0.00000,0.00000,0.00000,0.00000,0.00000,0.00000,Non classé
473,SEHOUN,6.351748,2.3917681,1178.00000,588.00000,350.00000,173.00000,255.00000,0.00000,0.00000,0.00000,0.00000,0.00000,0.00000,Non classé
474,ZOUNZONME,6.351748,2.3917681,1178.00000,588.00000,350.00000,173.00000,255.00000,0.00000,0.00000,0.00000,0.00000,0.00000,0.00000,Non classé
475,DJEGBE,7.1665,1.9795,1466.00000,550.00000,215.00000,113.00000,255.00000,122.00000,172.00000,95.00000,720.00000,185.00000,62.00000,limon sableux
476,HOUNLI,7.1720719,1.9845306,1436.00000,659.00000,164.00000,115.00000,255.00000,0.00000,0.00000,0.00000,0.00000,0.00000,0.00000,Non classé
477,VIDOLE,7.1665,1.9795,1466.00000,550.00000,215.00000,113.00000,255.00000,122.00000,172.00000,95.00000,720.00000,185.00000,62.00000,limon sableux
478,ADANHONDJIGON,7.0723,1.966,769.00000,378.00000,192.00000,113.00000,255.00000,116.00000,209.00000,140.00000,641.00000,219.00000,64.00000,limon argilo-sableux
479,ADINGNIGON,7.0726227,1.9636914,777.00000,378.00000,190.00000,111.00000,255.00000,115.00000,209.00000,142.00000,637.00000,221.00000,64.00000,limon argilo-sableux
480,KINTA,7.0672641,1.96597,684.00000,383.00000,198.00000,118.00000,255.00000,110.00000,195.00000,163.00000,649.00000,188.00000,62.00000,limon sableux
481,KPOTA,7.23028,2.21528,1137.00000,762.00000,346.00000,122.00000,255.00000,0.00000,0.00000,0.00000,0.00000,0.00000,0.00000,Non classé
482,LISSAZOUNME,7.07232,1.96597,769.00000,378.00000,192.00000,113.00000,255.00000,116.00000,209.00000,140.00000,641.00000,219.00000,64.00000,limon argilo-sableux
483,SAHE,7.0651772,1.9412023,679.00000,396.00000,197.00000,115.00000,255.00000,116.00000,185.00000,209.00000,617.00000,174.00000,62.00000,limon sableux
484,SINWE,7.07232,1.96597,769.00000,378.00000,192.00000,113.00000,255.00000,116.00000,209.00000,140.00000,641.00000,219.00000,64.00000,limon argilo-sableux
485,TANVE,7.1344912,1.961246,903.00000,358.00000,157.00000,101.00000,255.00000,114.00000,248.00000,93.00000,691.00000,216.00000,61.00000,limon argilo-sableux
486,ZOUNGOUNDO,7.016667,1.983333,930.00000,381.00000,222.00000,117.00000,255.00000,133.00000,182.00000,202.00000,601.00000,197.00000,62.00000,limon sableux
487,AGBANGNIZOUN,7.0726227,1.9636914,777.00000,378.00000,190.00000,111.00000,255.00000,115.00000,209.00000,142.00000,637.00000,221.00000,64.00000,limon argilo-sableux
488,AGONGOINTO,7.1867,2.1206,813.00000,369.00000,266.00000,137.00000,255.00000,121.00000,162.00000,157.00000,603.00000,240.00000,66.00000,limon argilo-sableux
489,AVOGBANNA,7.18672,2.12057,813.00000,369.00000,266.00000,137.00000,255.00000,121.00000,162.00000,157.00000,603.00000,240.00000,66.00000,limon argilo-sableux
490,GNIDJAZOUN,7.2005358,2.0343147,1300.00000,542.00000,182.00000,112.00000,255.00000,114.00000,174.00000,108.00000,721.00000,171.00000,63.00000,limon sableux
491,LISSEZOUN,7.1978511,2.0547223,865.00000,590.00000,177.00000,111.00000,255.00000,0.00000,0.00000,0.00000,0.00000,0.00000,0.00000,Non classé
492,OUASSAHO,7.0537031,2.0947621,824.00000,403.00000,255.00000,117.00000,255.00000,112.00000,295.00000,188.00000,606.00000,206.00000,61.00000,limon argilo-sableux
493,PASSAGON,7.2993173,2.0733626,1072.00000,576.00000,276.00000,127.00000,255.00000,136.00000,170.00000,131.00000,708.00000,161.00000,64.00000,limon sableux
494,SACLO,7.1512085,2.0784243,1181.00000,483.00000,227.00000,130.00000,255.00000,0.00000,0.00000,0.00000,0.00000,0.00000,0.00000,Non classé
495,SODOHOME,7.1867,2.1206,813.00000,369.00000,266.00000,137.00000,255.00000,121.00000,162.00000,157.00000,603.00000,240.00000,66.00000,limon argilo-sableux
496,BOHICON I,7.1797684,2.0714223,1539.00000,532.00000,281.00000,115.00000,255.00000,0.00000,0.00000,0.00000,0.00000,0.00000,0.00000,Non classé
497,BOHICON II,7.1797684,2.0714223,1539.00000,532.00000,281.00000,115.00000,255.00000,0.00000,0.00000,0.00000,0.00000,0.00000,0.00000,Non classé
498,HOUEKO,6.3780554,2.3822701,1530.00000,638.00000,423.00000,187.00000,255.00000,0.00000,0.00000,0.00000,0.00000,0.00000,0.00000,Non classé
499,ADOGBE,6.3770951,2.3929171,1425.00000,677.00000,526.00000,187.00000,255.00000,0.00000,0.00000,0.00000,0.00000,0.00000,0.00000,Non classé
500,GOUNLI,7.3469268,2.0665197,1224.00000,616.00000,316.00000,127.00000,255.00000,129.00000,209.00000,158.00000,666.00000,175.00000,66.00000,limon sableux
501,HOUIN-HOUNSO,7.3059,2.2587,1304.00000,424.00000,415.00000,132.00000,255.00000,136.00000,246.00000,170.00000,620.00000,210.00000,66.00000,limon argilo-sableux
502,LAINTA-COGBE,7.3059,2.2587,1304.00000,424.00000,415.00000,132.00000,255.00000,136.00000,246.00000,170.00000,620.00000,210.00000,66.00000,limon argilo-sableux
503,NAOGON,7.2324277,2.3413523,1503.00000,412.00000,278.00000,118.00000,255.00000,0.00000,0.00000,0.00000,0.00000,0.00000,0.00000,Non classé
504,SOLI,7.3059,2.2587,1304.00000,424.00000,415.00000,132.00000,255.00000,136.00000,246.00000,170.00000,620.00000,210.00000,66.00000,limon argilo-sableux
505,ZOGBA,7.3059,2.2587,1304.00000,424.00000,415.00000,132.00000,255.00000,136.00000,246.00000,170.00000,620.00000,210.00000,66.00000,limon argilo-sableux
506,AGONDJI,7.3899,1.9367,920.00000,411.00000,273.00000,124.00000,255.00000,148.00000,173.00000,189.00000,573.00000,238.00000,66.00000,limon argilo-sableux
507,AGOUNA,7.563629,1.699867,795.00000,352.00000,246.00000,101.00000,255.00000,0.00000,0.00000,0.00000,0.00000,0.00000,0.00000,Non classé
508,DAN,7.316667,2.066667,1022.00000,554.00000,248.00000,112.00000,255.00000,105.00000,167.00000,135.00000,717.00000,148.00000,64.00000,sable limoneux
509,DOHOUIME,7.25,2.016667,1044.00000,567.00000,211.00000,128.00000,255.00000,149.00000,168.00000,142.00000,652.00000,207.00000,65.00000,limon argilo-sableux
510,GOBAIX,7.3899,1.9367,920.00000,411.00000,273.00000,124.00000,255.00000,145.00000,159.00000,188.00000,562.00000,250.00000,65.00000,limon argilo-sableux
511,HOUTO,7.3899,1.9367,920.00000,411.00000,273.00000,124.00000,255.00000,145.00000,159.00000,188.00000,562.00000,250.00000,65.00000,limon argilo-sableux
512,MONSOUROU,7.3461574,1.9355775,629.00000,382.00000,171.00000,135.00000,255.00000,0.00000,0.00000,0.00000,0.00000,0.00000,0.00000,Non classé
513,MOUGNON,7.2331352,2.0127709,911.00000,717.00000,187.00000,119.00000,255.00000,149.00000,190.00000,148.00000,641.00000,211.00000,66.00000,limon argilo-sableux
514,OUMBEGAME,7.3899,1.9367,920.00000,411.00000,273.00000,124.00000,255.00000,145.00000,159.00000,188.00000,562.00000,250.00000,65.00000,limon argilo-sableux
515,SETTO,7.514452,2.0714223,1084.00000,407.00000,417.00000,147.00000,255.00000,155.00000,112.00000,326.00000,437.00000,237.00000,69.00000,limon
516,ZOUNKON,7.3899,1.9367,920.00000,411.00000,273.00000,124.00000,255.00000,145.00000,159.00000,188.00000,562.00000,250.00000,65.00000,limon argilo-sableux
517,DJIDJA,7.3461574,1.9355775,629.00000,382.00000,171.00000,135.00000,255.00000,0.00000,0.00000,0.00000,0.00000,0.00000,0.00000,Non classé
518,DASSO,7.0144553,2.4639134,711.00000,435.00000,293.00000,131.00000,255.00000,172.00000,194.00000,195.00000,533.00000,272.00000,66.00000,limon argilo-sableux
519,SAGON,7.1078076,2.4801989,818.00000,434.00000,381.00000,152.00000,255.00000,165.00000,226.00000,211.00000,566.00000,223.00000,67.00000,limon argilo-sableux
520,TOHOUES,7.083056,2.480833,741.00000,469.00000,358.00000,140.00000,255.00000,149.00000,188.00000,165.00000,596.00000,240.00000,65.00000,limon argilo-sableux
521,OUINHI,7.1078076,2.4801989,818.00000,434.00000,381.00000,152.00000,255.00000,165.00000,226.00000,211.00000,566.00000,223.00000,67.00000,limon argilo-sableux
522,AGONLIN-HOUEGBO,7.2805389,2.4011124,971.00000,372.00000,296.00000,121.00000,255.00000,118.00000,245.00000,163.00000,689.00000,148.00000,65.00000,
523,BANAME,7.2529,2.414,1169.00000,417.00000,387.00000,183.00000,255.00000,102.00000,202.00000,153.00000,696.00000,152.00000,65.00000,limon sableux
524,DON-TAN,7.283333,2.366667,612.00000,338.00000,283.00000,123.00000,255.00000,127.00000,161.00000,178.00000,596.00000,226.00000,64.00000,limon argilo-sableux
525,DOVI,7.1559451,2.3437019,948.00000,419.00000,282.00000,188.00000,255.00000,150.00000,208.00000,262.00000,536.00000,202.00000,62.00000,limon argilo-sableux
526,KPEDEKPO,7.2116772,2.4810058,1073.00000,409.00000,389.00000,134.00000,255.00000,144.00000,237.00000,173.00000,623.00000,204.00000,64.00000,limon argilo-sableux
527,ZAGNANADO,7.2805389,2.4011124,971.00000,372.00000,296.00000,121.00000,255.00000,118.00000,245.00000,163.00000,689.00000,148.00000,65.00000,
528,ALLAHE,7.166667,2.266667,1077.00000,379.00000,414.00000,152.00000,255.00000,142.00000,220.00000,223.00000,530.00000,247.00000,63.00000,limon argilo-sableux
529,ASSANLIN,7.2271,2.1957,725.00000,487.00000,397.00000,127.00000,255.00000,137.00000,201.00000,172.00000,583.00000,245.00000,65.00000,limon argilo-sableux
530,HOUNGOME,7.2271,2.1957,725.00000,487.00000,397.00000,127.00000,255.00000,137.00000,201.00000,172.00000,583.00000,245.00000,65.00000,limon argilo-sableux
531,KPAKPAME,7.2271,2.1957,725.00000,487.00000,397.00000,127.00000,255.00000,137.00000,201.00000,172.00000,583.00000,245.00000,65.00000,limon argilo-sableux
532,KPOZOUN,7.1936829,2.0835805,1893.00000,391.00000,303.00000,131.00000,255.00000,131.00000,197.00000,160.00000,620.00000,219.00000,66.00000,limon argilo-sableux
533,ZA-TANTA,7.2271,2.1957,725.00000,487.00000,397.00000,127.00000,255.00000,137.00000,201.00000,172.00000,583.00000,245.00000,65.00000,limon argilo-sableux
534,ZEKO,7.2271,2.1957,725.00000,487.00000,397.00000,127.00000,255.00000,137.00000,201.00000,172.00000,583.00000,245.00000,65.00000,limon argilo-sableux
535,ZA-KPOTA,7.2169497,2.1843285,1004.00000,385.00000,386.00000,128.00000,255.00000,172.00000,175.00000,188.00000,519.00000,293.00000,65.00000,limon argilo-sableux
536,AKIZA,6.966667,02.05,821.00000,456.00000,557.00000,134.00000,255.00000,216.00000,233.00000,258.00000,356.00000,386.00000,62.00000,limon argileux fin
537,AVLAME,7.0163,2.1911,1049.00000,437.00000,519.00000,133.00000,255.00000,180.00000,278.00000,190.00000,467.00000,343.00000,63.00000,limon argilo-sableux
538,CANA I,7.166944,2.066944,810.00000,525.00000,265.00000,106.00000,255.00000,0.00000,0.00000,0.00000,0.00000,0.00000,0.00000,Non classé
539,CANA II,7.0163,2.1911,1049.00000,437.00000,519.00000,133.00000,255.00000,180.00000,278.00000,190.00000,467.00000,343.00000,63.00000,limon argilo-sableux
540,DOME,7.1,2.3,893.00000,412.00000,431.00000,138.00000,255.00000,127.00000,193.00000,188.00000,576.00000,236.00000,63.00000,limon argilo-sableux
541,KOUSSOUKPA,7.0163,2.1911,1049.00000,437.00000,519.00000,133.00000,255.00000,180.00000,278.00000,190.00000,467.00000,343.00000,63.00000,limon argilo-sableux
542,KPOKISSA,7.0163,2.1911,1049.00000,437.00000,519.00000,133.00000,255.00000,180.00000,278.00000,190.00000,467.00000,343.00000,63.00000,limon argilo-sableux
543,MASSI,9.916667,1.466667,468.00000,401.00000,228.00000,136.00000,255.00000,104.00000,178.00000,207.00000,625.00000,168.00000,62.00000,limon sableux
544,TANWE-HESSOU,7.0666591,2.1815918,848.00000,431.00000,383.00000,154.00000,255.00000,183.00000,289.00000,201.00000,588.00000,211.00000,62.00000,limon argilo-sableux
545,ZOUKOU,7.0447732,2.1843285,945.00000,450.00000,419.00000,151.00000,255.00000,198.00000,254.00000,209.00000,548.00000,243.00000,62.00000,limon argilo-sableux
546,ZOGBODOMEY,7.083333,2.1,1549.00000,487.00000,226.00000,153.00000,255.00000,130.00000,220.00000,249.00000,554.00000,196.00000,65.00000,limon sableux